n1,n2,state_one_configuration,state_one_term,state_two_configuration,state_two_term,operator,matrix_element_value,state_one_energy_au,state_two_energy_au,transition_energy_cm,wavelength_nm,transition_rate
1,1,5s2,1S0,5s 4d,3D1,M1,-0.00004,-0.61692578,-0.53360755,18286.24,546.86,8.4523E-08
1,2,5s2,1S0,5s 4d,3D2,E2,-1.10299,-0.61692578,-0.53332056,18349.22,544.98,5.6684E-02
1,3,5s2,1S0,5s 4d,3D3,M3,125.55761,-0.61692578,-0.53284867,18452.79,541.92,6.8680E-11
1,4,5s2,1S0,5s 4d,1D2,E2,26.57225,-0.61692578,-0.52389445,20418.02,489.76,5.6125E+01
1,5,5s2,1S0,5s 6s,3S1,M1,0.00012,-0.61692578,-0.48389196,29197.55,342.49,3.1909E-06
1,6,5s2,1S0,5s 5d,1D2,E2,17.29436,-0.61692578,-0.45778148,34928.14,286.30,3.4827E+02
1,7,5s2,1S0,5s 5d,3D1,M1,0.00015,-0.61692578,-0.45662477,35182.01,284.24,9.0560E-06
1,8,5s2,1S0,5s 5d,3D2,E2,0.48063,-0.61692578,-0.45655552,35197.20,284.11,2.7951E-01
1,9,5s2,1S0,5s 5d,3D3,M3,79.55987,-0.61692578,-0.45645178,35219.97,283.93,2.5446E-09
1,10,5s2,1S0,5p2,3P1,M1,-0.00570,-0.61692578,-0.45416595,35721.65,279.94,1.3331E-02
1,11,5s2,1S0,5p2,3P2,E2,1.23118,-0.61692578,-0.45291557,35996.08,277.81,2.0518E+00
1,12,5s2,1S0,4d2,1D2,E2,1.04733,-0.61692578,-0.44726901,37235.36,268.56,1.7586E+00
1,13,5s2,1S0,5s 7s,3S1,M1,0.00001,-0.61692578,-0.44568536,37582.93,266.08,1.4021E-08
1,14,5s2,1S0,4d2,3F2,E2,-0.11517,-0.61692578,-0.44230201,38325.49,260.92,2.4566E-02
1,15,5s2,1S0,4d2,3F3,M3,-0.00166,-0.61692578,-0.44192522,38408.18,260.36,2.0287E-18
1,17,5s2,1S0,5s 7d,3D1,M1,0.00002,-0.61692578,-0.43536260,39848.51,250.95,3.4737E-07
1,18,5s2,1S0,5s 7d,3D2,E2,1.56254,-0.61692578,-0.43533802,39853.91,250.92,5.4985E+00
1,19,5s2,1S0,5s 7d,3D3,M3,-42.79163,-0.61692578,-0.43528439,39865.68,250.84,1.7524E-09
1,20,5s2,1S0,5s 7d,1D2,E2,-8.68555,-0.61692578,-0.43508660,39909.09,250.57,1.7107E+02
1,21,5s2,1S0,5s 9s,3S1,M1,-0.00003,-0.61692578,-0.43048108,40919.88,244.38,6.0298E-07
1,23,5s2,1S0,5s 6g,3G3,M3,0.03651,-0.61692578,-0.42708575,41665.07,240.01,1.7378E-15
2,1,5s 4d,3D1,5s 4d,3D1,E2,9.25531,-0.53360755,-0.53360755,-0.00,722021029997.87,1.6297E-45
2,1,5s 4d,3D1,5s 4d,3D1,M1,1.22474,-0.53360755,-0.53360755,-0.00,722021029997.87,3.5830E-26
2,2,5s 4d,3D1,5s 4d,3D2,E2,-11.96376,-0.53360755,-0.53332056,62.99,158763.28,3.1784E-12
2,2,5s 4d,3D1,5s 4d,3D2,M1,2.11909,-0.53360755,-0.53332056,62.99,158763.28,6.0536E-06
2,2,5s 4d,3D1,5s 4d,3D2,M3,-7.62895,-0.53360755,-0.53332056,62.99,158763.28,1.9165E-30
2,3,5s 4d,3D1,5s 4d,3D3,E2,-4.06408,-0.53360755,-0.53284867,166.55,60040.48,3.3869E-11
2,3,5s 4d,3D1,5s 4d,3D3,M3,9.13215,-0.53360755,-0.53284867,166.55,60040.48,1.7732E-27
2,4,5s 4d,3D1,5s 4d,1D2,E2,-0.57339,-0.53360755,-0.52389445,2131.78,4690.92,3.2422E-07
2,4,5s 4d,3D1,5s 4d,1D2,M1,0.09496,-0.53360755,-0.52389445,2131.78,4690.92,4.7125E-04
2,4,5s 4d,3D1,5s 4d,1D2,M3,18.58516,-0.53360755,-0.52389445,2131.78,4690.92,5.7859E-19
2,5,5s 4d,3D1,5s 6s,3S1,E2,-14.46469,-0.53360755,-0.48389196,10911.31,916.48,1.2080E+00
2,5,5s 4d,3D1,5s 6s,3S1,M1,0.00000,-0.53360755,-0.48389196,10911.31,916.48,8.4134E-12
2,6,5s 4d,3D1,5s 5d,1D2,E2,0.71895,-0.53360755,-0.45778148,16641.90,600.89,1.4779E-02
2,6,5s 4d,3D1,5s 5d,1D2,M1,-0.00540,-0.53360755,-0.45778148,16641.90,600.89,7.2485E-04
2,6,5s 4d,3D1,5s 5d,1D2,M3,7.32952,-0.53360755,-0.45778148,16641.90,600.89,1.5900E-13
2,7,5s 4d,3D1,5s 5d,3D1,E2,-9.22176,-0.53360755,-0.45662477,16895.77,591.86,4.3711E+00
2,7,5s 4d,3D1,5s 5d,3D1,M1,0.00001,-0.53360755,-0.45662477,16895.77,591.86,4.0909E-09
2,8,5s 4d,3D1,5s 5d,3D2,E2,-12.08831,-0.53360755,-0.45655552,16910.97,591.33,4.5269E+00
2,8,5s 4d,3D1,5s 5d,3D2,M1,-0.00410,-0.53360755,-0.45655552,16910.97,591.33,4.3839E-04
2,8,5s 4d,3D1,5s 5d,3D2,M3,-6.15166,-0.53360755,-0.45655552,16910.97,591.33,1.2531E-13
2,9,5s 4d,3D1,5s 5d,3D3,E2,-4.13379,-0.53360755,-0.45645178,16933.73,590.54,3.8068E-01
2,9,5s 4d,3D1,5s 5d,3D3,M3,9.87182,-0.53360755,-0.45645178,16933.73,590.54,2.3269E-13
2,10,5s 4d,3D1,5p2,3P1,E2,-11.45934,-0.53360755,-0.45416595,17435.42,573.55,7.8987E+00
2,10,5s 4d,3D1,5p2,3P1,M1,-0.00121,-0.53360755,-0.45416595,17435.42,573.55,6.9586E-05
2,11,5s 4d,3D1,5p2,3P2,E2,-6.75114,-0.53360755,-0.45291557,17709.84,564.66,1.7785E+00
2,11,5s 4d,3D1,5p2,3P2,M1,-0.00091,-0.53360755,-0.45291557,17709.84,564.66,2.4774E-05
2,11,5s 4d,3D1,5p2,3P2,M3,24.00890,-0.53360755,-0.45291557,17709.84,564.66,2.6369E-12
2,12,5s 4d,3D1,4d2,1D2,E2,1.95844,-0.53360755,-0.44726901,18949.12,527.73,2.0989E-01
2,12,5s 4d,3D1,4d2,1D2,M1,0.00026,-0.53360755,-0.44726901,18949.12,527.73,2.3899E-06
2,12,5s 4d,3D1,4d2,1D2,M3,17.21325,-0.53360755,-0.44726901,18949.12,527.73,2.1762E-12
2,13,5s 4d,3D1,5s 7s,3S1,E2,-2.16983,-0.53360755,-0.44568536,19296.69,518.22,4.7027E-01
2,13,5s 4d,3D1,5s 7s,3S1,M1,-0.00002,-0.53360755,-0.44568536,19296.69,518.22,3.4504E-08
2,14,5s 4d,3D1,4d2,3F2,E2,-22.43803,-0.53360755,-0.44230201,20039.25,499.02,3.6442E+01
2,14,5s 4d,3D1,4d2,3F2,M1,0.00079,-0.53360755,-0.44230201,20039.25,499.02,2.6928E-05
2,14,5s 4d,3D1,4d2,3F2,M3,25.21948,-0.53360755,-0.44230201,20039.25,499.02,6.9101E-12
2,15,5s 4d,3D1,4d2,3F3,E2,15.98769,-0.53360755,-0.44192522,20121.95,496.97,1.3490E+01
2,15,5s 4d,3D1,4d2,3F3,M3,-90.42999,-0.53360755,-0.44192522,20121.95,496.97,6.5317E-11
2,16,5s 4d,3D1,4d2,3F4,M3,64.45976,-0.53360755,-0.44140473,20236.18,494.16,2.6856E-11
2,17,5s 4d,3D1,5s 7d,3D1,E2,3.65461,-0.53360755,-0.43536260,21562.27,463.77,2.3240E+00
2,17,5s 4d,3D1,5s 7d,3D1,M1,0.00001,-0.53360755,-0.43536260,21562.27,463.77,1.2267E-08
2,18,5s 4d,3D1,5s 7d,3D2,E2,4.58325,-0.53360755,-0.43533802,21567.67,463.66,2.1958E+00
2,18,5s 4d,3D1,5s 7d,3D2,M1,0.00160,-0.53360755,-0.43533802,21567.67,463.66,1.3916E-04
2,18,5s 4d,3D1,5s 7d,3D2,M3,3.17479,-0.53360755,-0.43533802,21567.67,463.66,1.8319E-13
2,19,5s 4d,3D1,5s 7d,3D3,E2,1.56419,-0.53360755,-0.43528439,21579.44,463.40,1.8318E-01
2,19,5s 4d,3D1,5s 7d,3D3,M3,-3.98326,-0.53360755,-0.43528439,21579.44,463.40,2.0676E-13
2,20,5s 4d,3D1,5s 7d,1D2,E2,0.96103,-0.53360755,-0.43508660,21622.85,462.47,9.7785E-02
2,20,5s 4d,3D1,5s 7d,1D2,M1,0.00289,-0.53360755,-0.43508660,21622.85,462.47,4.5550E-04
2,20,5s 4d,3D1,5s 7d,1D2,M3,-9.71944,-0.53360755,-0.43508660,21622.85,462.47,1.7479E-12
2,21,5s 4d,3D1,5s 9s,3S1,E2,1.05408,-0.53360755,-0.43048108,22633.65,441.82,2.4638E-01
2,21,5s 4d,3D1,5s 9s,3S1,M1,0.00000,-0.53360755,-0.43048108,22633.65,441.82,6.7193E-10
2,22,5s 4d,3D1,4d2,1G4,M3,-132.86855,-0.53360755,-0.42894029,22971.81,435.32,2.7719E-10
2,23,5s 4d,3D1,5s 6g,3G3,E2,-6.10096,-0.53360755,-0.42708575,23378.83,427.74,4.1592E+00
2,23,5s 4d,3D1,5s 6g,3G3,M3,-9.99779,-0.53360755,-0.42708575,23378.83,427.74,2.2818E-12
2,24,5s 4d,3D1,5s 6g,1G4,M3,-15.58033,-0.53360755,-0.42708467,23379.07,427.73,4.3103E-12
3,1,5s 4d,3D2,5s 4d,3D1,E2,-11.96375,-0.53332056,-0.53360755,-62.99,158763.21,3.1784E-12
3,1,5s 4d,3D2,5s 4d,3D1,M1,2.11909,-0.53332056,-0.53360755,-62.99,158763.21,6.0536E-06
3,1,5s 4d,3D2,5s 4d,3D1,M3,-7.62961,-0.53332056,-0.53360755,-62.99,158763.21,1.9169E-30
3,2,5s 4d,3D2,5s 4d,3D2,E2,-10.18982,-0.53332056,-0.53332056,-0.00,682044076282.99,1.5758E-45
3,2,5s 4d,3D2,5s 4d,3D2,M1,-6.38800,-0.53332056,-0.53332056,-0.00,682044076282.99,6.9384E-25
3,2,5s 4d,3D2,5s 4d,3D2,M3,-57.59126,-0.53332056,-0.53332056,-0.00,682044076282.99,4.0445E-75
3,3,5s 4d,3D2,5s 4d,3D3,E2,-12.88996,-0.53332056,-0.53284867,103.57,96555.45,3.1675E-11
3,3,5s 4d,3D2,5s 4d,3D3,M1,2.15801,-0.53332056,-0.53284867,103.57,96555.45,1.9935E-05
3,3,5s 4d,3D2,5s 4d,3D3,M3,-44.99567,-0.53332056,-0.53284867,103.57,96555.45,1.5474E-27
3,4,5s 4d,3D2,5s 4d,1D2,E2,0.26565,-0.53332056,-0.52389445,2068.79,4833.74,5.9900E-08
3,4,5s 4d,3D2,5s 4d,1D2,M1,-0.04075,-0.53332056,-0.52389445,2068.79,4833.74,7.9311E-05
3,4,5s 4d,3D2,5s 4d,1D2,M3,-60.35654,-0.53332056,-0.52389445,2068.79,4833.74,4.9466E-18
3,5,5s 4d,3D2,5s 6s,3S1,E2,-18.83707,-0.53332056,-0.48389196,10848.32,921.80,1.9903E+00
3,5,5s 4d,3D2,5s 6s,3S1,M1,-0.00003,-0.53332056,-0.48389196,10848.32,921.80,1.1616E-08
3,5,5s 4d,3D2,5s 6s,3S1,M3,-66.55252,-0.53332056,-0.48389196,10848.32,921.80,1.0928E-12
3,6,5s 4d,3D2,5s 5d,1D2,E2,2.45359,-0.53332056,-0.45778148,16578.91,603.18,1.6889E-01
3,6,5s 4d,3D2,5s 5d,1D2,M1,0.00241,-0.53332056,-0.45778148,16578.91,603.18,1.4289E-04
3,6,5s 4d,3D2,5s 5d,1D2,M3,-19.22874,-0.53332056,-0.45778148,16578.91,603.18,1.0657E-12
3,7,5s 4d,3D2,5s 5d,3D1,E2,12.53477,-0.53332056,-0.45662477,16832.78,594.08,7.9266E+00
3,7,5s 4d,3D2,5s 5d,3D1,M1,-0.00359,-0.53332056,-0.45662477,16832.78,594.08,5.5148E-04
3,7,5s 4d,3D2,5s 5d,3D1,M3,7.76879,-0.53332056,-0.45662477,16832.78,594.08,3.2247E-13
3,8,5s 4d,3D2,5s 5d,3D2,E2,-9.98425,-0.53332056,-0.45655552,16847.98,593.54,3.0311E+00
3,8,5s 4d,3D2,5s 5d,3D2,M1,0.00019,-0.53332056,-0.45655552,16847.98,593.54,8.8997E-07
3,8,5s 4d,3D2,5s 5d,3D2,M3,-59.14080,-0.53332056,-0.45655552,16847.98,593.54,1.1284E-11
3,9,5s 4d,3D2,5s 5d,3D3,E2,-13.15182,-0.53332056,-0.45645178,16870.75,592.74,3.7822E+00
3,9,5s 4d,3D2,5s 5d,3D3,M1,-0.00623,-0.53332056,-0.45645178,16870.75,592.74,7.1880E-04
3,9,5s 4d,3D2,5s 5d,3D3,M3,-43.92112,-0.53332056,-0.45645178,16870.75,592.74,4.4874E-12
3,10,5s 4d,3D2,5p2,3P1,E2,-4.51775,-0.53332056,-0.45416595,17372.43,575.62,1.2057E+00
3,10,5s 4d,3D2,5p2,3P1,M1,-0.00051,-0.53332056,-0.45416595,17372.43,575.62,1.2277E-05
3,10,5s 4d,3D2,5p2,3P1,M3,-54.55868,-0.53332056,-0.45416595,17372.43,575.62,1.9835E-11
3,11,5s 4d,3D2,5p2,3P2,E2,-13.08807,-0.53332056,-0.45291557,17646.86,566.67,6.5662E+00
3,11,5s 4d,3D2,5p2,3P2,M1,-0.00173,-0.53332056,-0.45291557,17646.86,566.67,8.8839E-05
3,11,5s 4d,3D2,5p2,3P2,M3,-45.75391,-0.53332056,-0.45291557,17646.86,566.67,9.3404E-12
3,12,5s 4d,3D2,4d2,1D2,E2,-0.39681,-0.53332056,-0.44726901,18886.13,529.49,8.4744E-03
3,12,5s 4d,3D2,4d2,1D2,M1,0.00019,-0.53332056,-0.44726901,18886.13,529.49,1.2563E-06
3,12,5s 4d,3D2,4d2,1D2,M3,-60.08514,-0.53332056,-0.44726901,18886.13,529.49,2.5904E-11
3,13,5s 4d,3D2,5s 7s,3S1,E2,-2.66188,-0.53332056,-0.44568536,19233.70,519.92,6.9625E-01
3,13,5s 4d,3D2,5s 7s,3S1,M1,-0.00003,-0.53332056,-0.44568536,19233.70,519.92,5.8953E-08
3,13,5s 4d,3D2,5s 7s,3S1,M3,-9.68046,-0.53332056,-0.44568536,19233.70,519.92,1.2733E-12
3,14,5s 4d,3D2,4d2,3F2,E2,18.84557,-0.53332056,-0.44230201,19976.26,500.59,2.5306E+01
3,14,5s 4d,3D2,4d2,3F2,M1,-0.00097,-0.53332056,-0.44230201,19976.26,500.59,4.0331E-05
3,14,5s 4d,3D2,4d2,3F2,M3,-61.65139,-0.53332056,-0.44230201,19976.26,500.59,4.0395E-11
3,15,5s 4d,3D2,4d2,3F3,E2,25.10978,-0.53332056,-0.44192522,20058.96,498.53,3.2759E+01
3,15,5s 4d,3D2,4d2,3F3,M1,0.00011,-0.53332056,-0.44192522,20058.96,498.53,3.7740E-07
3,15,5s 4d,3D2,4d2,3F3,M3,97.66331,-0.53332056,-0.44192522,20058.96,498.53,7.4530E-11
3,16,5s 4d,3D2,4d2,3F4,E2,-16.59345,-0.53332056,-0.44140473,20173.19,495.71,1.1447E+01
3,16,5s 4d,3D2,4d2,3F4,M3,48.58604,-0.53332056,-0.44140473,20173.19,495.71,1.4928E-11
3,17,5s 4d,3D2,5s 7d,3D1,E2,-4.64752,-0.53332056,-0.43536260,21499.29,465.13,3.7037E+00
3,17,5s 4d,3D2,5s 7d,3D1,M1,0.00190,-0.53332056,-0.43536260,21499.29,465.13,3.2165E-04
3,17,5s 4d,3D2,5s 7d,3D1,M3,-1.63590,-0.53332056,-0.43536260,21499.29,465.13,7.9281E-14
3,18,5s 4d,3D2,5s 7d,3D2,E2,4.02425,-0.53332056,-0.43533802,21504.68,465.01,1.6683E+00
3,18,5s 4d,3D2,5s 7d,3D2,M1,0.00016,-0.53332056,-0.43533802,21504.68,465.01,1.3908E-06
3,18,5s 4d,3D2,5s 7d,3D2,M3,17.39063,-0.53332056,-0.43533802,21504.68,465.01,5.3852E-12
3,19,5s 4d,3D2,5s 7d,3D3,E2,4.97720,-0.53332056,-0.43528439,21516.45,464.76,1.8278E+00
3,19,5s 4d,3D2,5s 7d,3D3,M1,0.00330,-0.53332056,-0.43528439,21516.45,464.76,4.1871E-04
3,19,5s 4d,3D2,5s 7d,3D3,M3,16.13382,-0.53332056,-0.43528439,21516.45,464.76,3.3234E-12
3,20,5s 4d,3D2,5s 7d,1D2,E2,0.42757,-0.53332056,-0.43508660,21559.86,463.82,1.9075E-02
3,20,5s 4d,3D2,5s 7d,1D2,M1,-0.00102,-0.53332056,-0.43508660,21559.86,463.82,5.6023E-05
3,20,5s 4d,3D2,5s 7d,1D2,M3,34.86284,-0.53332056,-0.43508660,21559.86,463.82,2.2034E-11
3,21,5s 4d,3D2,5s 9s,3S1,E2,1.30462,-0.53332056,-0.43048108,22570.66,443.05,3.7219E-01
3,21,5s 4d,3D2,5s 9s,3S1,M1,0.00001,-0.53332056,-0.43048108,22570.66,443.05,4.9627E-09
3,21,5s 4d,3D2,5s 9s,3S1,M3,4.96121,-0.53332056,-0.43048108,22570.66,443.05,1.0249E-12
3,22,5s 4d,3D2,4d2,1G4,E2,1.73852,-0.53332056,-0.42894029,22908.82,436.51,2.3732E-01
3,22,5s 4d,3D2,4d2,1G4,M3,129.29206,-0.53332056,-0.42894029,22908.82,436.51,2.5747E-10
3,23,5s 4d,3D2,5s 6g,3G3,E2,3.24233,-0.53332056,-0.42708575,23315.85,428.89,1.1590E+00
3,23,5s 4d,3D2,5s 6g,3G3,M1,0.00005,-0.53332056,-0.42708575,23315.85,428.89,1.2579E-07
3,23,5s 4d,3D2,5s 6g,3G3,M3,7.22922,-0.53332056,-0.42708575,23315.85,428.89,1.1707E-12
3,24,5s 4d,3D2,5s 6g,1G4,E2,7.08724,-0.53332056,-0.42708467,23316.08,428.89,4.3071E+00
3,24,5s 4d,3D2,5s 6g,1G4,M3,34.41852,-0.53332056,-0.42708467,23316.08,428.89,2.0641E-11
4,1,5s 4d,3D3,5s 4d,3D1,E2,4.06409,-0.53284867,-0.53360755,-166.55,60040.47,3.3869E-11
4,1,5s 4d,3D3,5s 4d,3D1,M3,-9.13219,-0.53284867,-0.53360755,-166.55,60040.47,1.7732E-27
4,2,5s 4d,3D3,5s 4d,3D2,E2,12.88997,-0.53284867,-0.53332056,-103.57,96555.43,3.1675E-11
4,2,5s 4d,3D3,5s 4d,3D2,M1,-2.15801,-0.53284867,-0.53332056,-103.57,96555.43,1.9935E-05
4,2,5s 4d,3D3,5s 4d,3D2,M3,44.99794,-0.53284867,-0.53332056,-103.57,96555.43,1.5476E-27
4,3,5s 4d,3D3,5s 4d,3D3,E2,-20.12882,-0.53284867,-0.53284867,-0.00,1055442334875.14,4.9495E-46
4,3,5s 4d,3D3,5s 4d,3D3,M1,-12.21956,-0.53284867,-0.53284867,-0.00,1055442334875.14,4.8938E-25
4,3,5s 4d,3D3,5s 4d,3D3,M3,-147.14369,-0.53284867,-0.53284867,-0.00,1055442334875.14,8.8747E-76
4,4,5s 4d,3D3,5s 4d,1D2,E2,0.69915,-0.53284867,-0.52389445,1965.23,5088.47,3.2095E-07
4,4,5s 4d,3D3,5s 4d,1D2,M1,-0.09666,-0.53284867,-0.52389445,1965.23,5088.47,3.8255E-04
4,4,5s 4d,3D3,5s 4d,1D2,M3,96.47510,-0.53284867,-0.52389445,1965.23,5088.47,8.8218E-18
4,5,5s 4d,3D3,5s 6s,3S1,E2,-22.67155,-0.53284867,-0.48389196,10744.76,930.69,2.7480E+00
4,5,5s 4d,3D3,5s 6s,3S1,M3,-100.56157,-0.53284867,-0.48389196,10744.76,930.69,2.3331E-12
4,6,5s 4d,3D3,5s 5d,1D2,E2,0.12011,-0.53284867,-0.45778148,16475.34,606.97,3.9225E-04
4,6,5s 4d,3D3,5s 5d,1D2,M1,0.00593,-0.53284867,-0.45778148,16475.34,606.97,8.4946E-04
4,6,5s 4d,3D3,5s 5d,1D2,M3,42.80268,-0.53284867,-0.45778148,16475.34,606.97,5.0539E-12
4,7,5s 4d,3D3,5s 5d,3D1,E2,-4.56347,-0.53284867,-0.45662477,16729.21,597.76,1.0187E+00
4,7,5s 4d,3D3,5s 5d,3D1,M3,10.00488,-0.53284867,-0.45662477,16729.21,597.76,5.1220E-13
4,8,5s 4d,3D3,5s 5d,3D2,E2,13.84404,-0.53284867,-0.45655552,16744.41,597.21,5.6507E+00
4,8,5s 4d,3D3,5s 5d,3D2,M1,-0.00572,-0.53284867,-0.45655552,16744.41,597.21,8.2894E-04
4,8,5s 4d,3D3,5s 5d,3D2,M3,50.11899,-0.53284867,-0.45655552,16744.41,597.21,7.7613E-12
4,9,5s 4d,3D3,5s 5d,3D3,E2,-20.64207,-0.53284867,-0.45645178,16767.18,596.40,9.0346E+00
4,9,5s 4d,3D3,5s 5d,3D3,M1,-0.00021,-0.53284867,-0.45645178,16767.18,596.40,7.6672E-07
4,9,5s 4d,3D3,5s 5d,3D3,M3,-144.87894,-0.53284867,-0.45645178,16767.18,596.40,4.6767E-11
4,10,5s 4d,3D3,5p2,3P1,E2,10.98525,-0.53284867,-0.45416595,17268.86,579.08,6.9186E+00
4,10,5s 4d,3D3,5p2,3P1,M3,4.08784,-0.53284867,-0.45416595,17268.86,579.08,1.0679E-13
4,11,5s 4d,3D3,5p2,3P2,E2,-15.57074,-0.53284867,-0.45291557,17543.29,570.02,9.0241E+00
4,11,5s 4d,3D3,5p2,3P2,M1,0.00145,-0.53284867,-0.45291557,17543.29,570.02,6.1161E-05
4,11,5s 4d,3D3,5p2,3P2,M3,-64.53183,-0.53284867,-0.45291557,17543.29,570.02,1.7831E-11
4,12,5s 4d,3D3,4d2,1D2,E2,2.67348,-0.53284867,-0.44726901,18782.57,532.41,3.7425E-01
4,12,5s 4d,3D3,4d2,1D2,M1,-0.00035,-0.53284867,-0.44726901,18782.57,532.41,4.4257E-06
4,12,5s 4d,3D3,4d2,1D2,M3,114.35155,-0.53284867,-0.44726901,18782.57,532.41,9.0283E-11
4,13,5s 4d,3D3,5s 7s,3S1,E2,-2.91425,-0.53284867,-0.44568536,19130.14,522.74,8.1231E-01
4,13,5s 4d,3D3,5s 7s,3S1,M3,-13.08085,-0.53284867,-0.44568536,19130.14,522.74,2.2387E-12
4,14,5s 4d,3D3,4d2,3F2,E2,-5.83325,-0.53284867,-0.44230201,19872.69,503.20,2.3623E+00
4,14,5s 4d,3D3,4d2,3F2,M1,0.00006,-0.53284867,-0.44230201,19872.69,503.20,1.6852E-07
4,14,5s 4d,3D3,4d2,3F2,M3,49.35863,-0.53284867,-0.44230201,19872.69,503.20,2.4967E-11
4,15,5s 4d,3D3,4d2,3F3,E2,-19.28672,-0.53284867,-0.44192522,19955.39,501.12,1.8833E+01
4,15,5s 4d,3D3,4d2,3F3,M1,0.00085,-0.53284867,-0.44192522,19955.39,501.12,2.2045E-05
4,15,5s 4d,3D3,4d2,3F3,M3,-0.02035,-0.53284867,-0.44192522,19955.39,501.12,3.1194E-18
4,16,5s 4d,3D3,4d2,3F4,E2,-36.68594,-0.53284867,-0.44140473,20069.63,498.27,5.4532E+01
4,16,5s 4d,3D3,4d2,3F4,M1,-0.00084,-0.53284867,-0.44140473,20069.63,498.27,1.7211E-05
4,16,5s 4d,3D3,4d2,3F4,M3,-154.21694,-0.53284867,-0.44140473,20069.63,498.27,1.4508E-10
4,17,5s 4d,3D3,5s 7d,3D1,E2,1.54236,-0.53284867,-0.43536260,21395.72,467.38,3.9818E-01
4,17,5s 4d,3D3,5s 7d,3D1,M3,-4.06534,-0.53284867,-0.43536260,21395.72,467.38,4.7334E-13
4,18,5s 4d,3D3,5s 7d,3D2,E2,-4.85462,-0.53284867,-0.43533802,21401.12,467.27,2.3699E+00
4,18,5s 4d,3D3,5s 7d,3D2,M1,0.00351,-0.53284867,-0.43533802,21401.12,467.27,6.5315E-04
4,18,5s 4d,3D3,5s 7d,3D2,M3,-8.28229,-0.53284867,-0.43533802,21401.12,467.27,1.1809E-12
4,19,5s 4d,3D3,5s 7d,3D3,E2,7.80773,-0.53284867,-0.43528439,21412.88,467.01,4.3906E+00
4,19,5s 4d,3D3,5s 7d,3D3,M1,0.00011,-0.53284867,-0.43528439,21412.88,467.01,4.8985E-07
4,19,5s 4d,3D3,5s 7d,3D3,M3,53.96971,-0.53284867,-0.43528439,21412.88,467.01,3.5953E-11
4,20,5s 4d,3D3,5s 7d,1D2,E2,-0.92625,-0.53284867,-0.43508660,21456.29,466.06,8.7390E-02
4,20,5s 4d,3D3,5s 7d,1D2,M1,-0.00213,-0.53284867,-0.43508660,21456.29,466.06,2.4186E-04
4,20,5s 4d,3D3,5s 7d,1D2,M3,-52.79644,-0.53284867,-0.43508660,21456.29,466.06,4.8858E-11
4,21,5s 4d,3D3,5s 9s,3S1,E2,1.44536,-0.53284867,-0.43048108,22467.09,445.10,4.4644E-01
4,21,5s 4d,3D3,5s 9s,3S1,M3,6.77050,-0.53284867,-0.43048108,22467.09,445.10,1.8482E-12
4,22,5s 4d,3D3,4d2,1G4,E2,-0.95724,-0.53284867,-0.42894029,22805.25,438.50,7.0336E-02
4,22,5s 4d,3D3,4d2,1G4,M1,-0.00005,-0.53284867,-0.42894029,22805.25,438.50,1.0729E-07
4,22,5s 4d,3D3,4d2,1G4,M3,-88.43388,-0.53284867,-0.42894029,22805.25,438.50,1.1669E-10
4,23,5s 4d,3D3,5s 6g,3G3,E2,-0.85100,-0.53284867,-0.42708575,23212.28,430.81,7.8081E-02
4,23,5s 4d,3D3,5s 6g,3G3,M1,-0.00002,-0.53284867,-0.42708575,23212.28,430.81,1.5138E-08
4,23,5s 4d,3D3,5s 6g,3G3,M3,-1.29581,-0.53284867,-0.42708575,23212.28,430.81,3.6460E-14
4,24,5s 4d,3D3,5s 6g,1G4,E2,-3.24436,-0.53284867,-0.42708467,23212.51,430.80,8.8273E-01
4,24,5s 4d,3D3,5s 6g,1G4,M1,-0.00006,-0.53284867,-0.42708467,23212.51,430.80,1.2386E-07
4,24,5s 4d,3D3,5s 6g,1G4,M3,-18.56177,-0.53284867,-0.42708467,23212.51,430.80,5.8192E-12
5,1,5s 4d,1D2,5s 4d,3D1,E2,-0.57337,-0.52389445,-0.53360755,-2131.78,4690.92,3.2419E-07
5,1,5s 4d,1D2,5s 4d,3D1,M1,0.09496,-0.52389445,-0.53360755,-2131.78,4690.92,4.7125E-04
5,1,5s 4d,1D2,5s 4d,3D1,M3,18.58528,-0.52389445,-0.53360755,-2131.78,4690.92,5.7859E-19
5,2,5s 4d,1D2,5s 4d,3D2,E2,0.26572,-0.52389445,-0.53332056,-2068.79,4833.74,5.9933E-08
5,2,5s 4d,1D2,5s 4d,3D2,M1,-0.04075,-0.52389445,-0.53332056,-2068.79,4833.74,7.9311E-05
5,2,5s 4d,1D2,5s 4d,3D2,M3,-60.35671,-0.52389445,-0.53332056,-2068.79,4833.74,4.9466E-18
5,3,5s 4d,1D2,5s 4d,3D3,E2,-0.69922,-0.52389445,-0.53284867,-1965.23,5088.47,3.2101E-07
5,3,5s 4d,1D2,5s 4d,3D3,M1,0.09666,-0.52389445,-0.53284867,-1965.23,5088.47,3.8255E-04
5,3,5s 4d,1D2,5s 4d,3D3,M3,-96.47578,-0.52389445,-0.53284867,-1965.23,5088.47,8.8219E-18
5,4,5s 4d,1D2,5s 4d,1D2,E2,-18.53908,-0.52389445,-0.52389445,0.00,5984662012290.91,1.0028E-49
5,4,5s 4d,1D2,5s 4d,1D2,M1,-5.47894,-0.52389445,-0.52389445,0.00,5984662012290.91,7.5551E-28
5,4,5s 4d,1D2,5s 4d,1D2,M3,-70.90598,-0.52389445,-0.52389445,0.00,5984662012290.91,1.5308E-81
5,5,5s 4d,1D2,5s 6s,3S1,E2,-1.13995,-0.52389445,-0.48389196,8779.53,1139.01,2.5305E-03
5,5,5s 4d,1D2,5s 6s,3S1,M1,-0.00004,-0.52389445,-0.48389196,8779.53,1139.01,1.0827E-08
5,5,5s 4d,1D2,5s 6s,3S1,M3,-100.13943,-0.52389445,-0.48389196,8779.53,1139.01,5.6260E-13
5,6,5s 4d,1D2,5s 5d,1D2,E2,-33.33665,-0.52389445,-0.45778148,14510.12,689.17,1.6011E+01
5,6,5s 4d,1D2,5s 5d,1D2,M1,-0.00070,-0.52389445,-0.45778148,14510.12,689.17,8.1736E-06
5,6,5s 4d,1D2,5s 5d,1D2,M3,-70.81935,-0.52389445,-0.45778148,14510.12,689.17,5.6864E-12
5,7,5s 4d,1D2,5s 5d,3D1,E2,0.75598,-0.52389445,-0.45662477,14763.99,677.32,1.4966E-02
5,7,5s 4d,1D2,5s 5d,3D1,M1,-0.00717,-0.52389445,-0.45662477,14763.99,677.32,1.4895E-03
5,7,5s 4d,1D2,5s 5d,3D1,M3,-19.35127,-0.52389445,-0.45662477,14763.99,677.32,7.9897E-13
5,8,5s 4d,1D2,5s 5d,3D2,E2,-2.01981,-0.52389445,-0.45655552,14779.19,676.63,6.4432E-02
5,8,5s 4d,1D2,5s 5d,3D2,M1,-0.00345,-0.52389445,-0.45655552,14779.19,676.63,2.0725E-04
5,8,5s 4d,1D2,5s 5d,3D2,M3,-64.56228,-0.52389445,-0.45655552,14779.19,676.63,5.3747E-12
5,9,5s 4d,1D2,5s 5d,3D3,E2,-0.79120,-0.52389445,-0.45645178,14801.95,675.59,7.1165E-03
5,9,5s 4d,1D2,5s 5d,3D3,M1,0.00643,-0.52389445,-0.45645178,14801.95,675.59,5.1618E-04
5,9,5s 4d,1D2,5s 5d,3D3,M3,-89.32618,-0.52389445,-0.45645178,14801.95,675.59,7.4285E-12
5,10,5s 4d,1D2,5p2,3P1,E2,0.03846,-0.52389445,-0.45416595,15303.64,653.44,4.6349E-05
5,10,5s 4d,1D2,5p2,3P1,M1,0.00917,-0.52389445,-0.45416595,15303.64,653.44,2.7077E-03
5,10,5s 4d,1D2,5p2,3P1,M3,62.70042,-0.52389445,-0.45416595,15303.64,653.44,1.0784E-11
5,11,5s 4d,1D2,5p2,3P2,E2,0.55550,-0.52389445,-0.45291557,15578.06,641.93,6.3411E-03
5,11,5s 4d,1D2,5p2,3P2,M1,0.01567,-0.52389445,-0.45291557,15578.06,641.93,5.0062E-03
5,11,5s 4d,1D2,5p2,3P2,M3,81.51449,-0.52389445,-0.45291557,15578.06,641.93,1.2385E-11
5,12,5s 4d,1D2,4d2,1D2,E2,23.71987,-0.52389445,-0.44726901,16817.34,594.62,1.6953E+01
5,12,5s 4d,1D2,4d2,1D2,M1,-0.00194,-0.52389445,-0.44726901,16817.34,594.62,9.6411E-05
5,12,5s 4d,1D2,4d2,1D2,M3,-28.69475,-0.52389445,-0.44726901,16817.34,594.62,2.6227E-12
5,13,5s 4d,1D2,5s 7s,3S1,E2,-0.10993,-0.52389445,-0.44568536,17164.91,582.58,6.7217E-04
5,13,5s 4d,1D2,5s 7s,3S1,M1,0.00011,-0.52389445,-0.44568536,17164.91,582.58,5.2727E-07
5,13,5s 4d,1D2,5s 7s,3S1,M3,-6.73820,-0.52389445,-0.44568536,17164.91,582.58,2.7814E-13
5,14,5s 4d,1D2,4d2,3F2,E2,2.22649,-0.52389445,-0.44230201,17907.47,558.43,2.0448E-01
5,14,5s 4d,1D2,4d2,3F2,M1,-0.00063,-0.52389445,-0.44230201,17907.47,558.43,1.2293E-05
5,14,5s 4d,1D2,4d2,3F2,M3,22.64005,-0.52389445,-0.44230201,17907.47,558.43,2.5342E-12
5,15,5s 4d,1D2,4d2,3F3,E2,0.94064,-0.52389445,-0.44192522,17990.17,555.86,2.6676E-02
5,15,5s 4d,1D2,4d2,3F3,M1,0.00089,-0.52389445,-0.44192522,17990.17,555.86,1.7949E-05
5,15,5s 4d,1D2,4d2,3F3,M3,-79.71423,-0.52389445,-0.44192522,17990.17,555.86,2.3176E-11
5,16,5s 4d,1D2,4d2,3F4,E2,0.25551,-0.52389445,-0.44140473,18104.40,552.35,1.5801E-03
5,16,5s 4d,1D2,4d2,3F4,M3,160.62852,-0.52389445,-0.44140473,18104.40,552.35,7.6507E-11
5,17,5s 4d,1D2,5s 7d,3D1,E2,-0.26035,-0.52389445,-0.43536260,19430.49,514.65,7.0084E-03
5,17,5s 4d,1D2,5s 7d,3D1,M1,0.00355,-0.52389445,-0.43536260,19430.49,514.65,8.3044E-04
5,17,5s 4d,1D2,5s 7d,3D1,M3,5.30018,-0.52389445,-0.43536260,19430.49,514.65,4.0988E-13
5,18,5s 4d,1D2,5s 7d,3D2,E2,-0.05836,-0.52389445,-0.43533802,19435.89,514.51,2.1160E-04
5,18,5s 4d,1D2,5s 7d,3D2,M1,0.00145,-0.52389445,-0.43533802,19435.89,514.51,8.3406E-05
5,18,5s 4d,1D2,5s 7d,3D2,M3,14.29610,-0.52389445,-0.43533802,19435.89,514.51,1.7927E-12
5,19,5s 4d,1D2,5s 7d,3D3,E2,0.26803,-0.52389445,-0.43528439,19447.66,514.20,3.1975E-03
5,19,5s 4d,1D2,5s 7d,3D3,M1,-0.00331,-0.52389445,-0.43528439,19447.66,514.20,3.0976E-04
5,19,5s 4d,1D2,5s 7d,3D3,M3,28.26392,-0.52389445,-0.43528439,19447.66,514.20,5.0263E-12
5,20,5s 4d,1D2,5s 7d,1D2,E2,1.00839,-0.52389445,-0.43508660,19491.07,513.06,6.4072E-02
5,20,5s 4d,1D2,5s 7d,1D2,M1,0.00039,-0.52389445,-0.43508660,19491.07,513.06,6.0447E-06
5,20,5s 4d,1D2,5s 7d,1D2,M3,25.45944,-0.52389445,-0.43508660,19491.07,513.06,5.7995E-12
5,21,5s 4d,1D2,5s 9s,3S1,E2,0.04730,-0.52389445,-0.43048108,20501.87,487.76,3.0249E-04
5,21,5s 4d,1D2,5s 9s,3S1,M1,-0.00003,-0.52389445,-0.43048108,20501.87,487.76,5.7477E-08
5,21,5s 4d,1D2,5s 9s,3S1,M3,2.00530,-0.52389445,-0.43048108,20501.87,487.76,8.5428E-14
5,22,5s 4d,1D2,4d2,1G4,E2,-40.03977,-0.52389445,-0.42894029,20840.03,479.85,7.8421E+01
5,22,5s 4d,1D2,4d2,1G4,M3,22.33764,-0.52389445,-0.42894029,20840.03,479.85,3.9621E-12
5,23,5s 4d,1D2,5s 6g,3G3,E2,0.20550,-0.52389445,-0.42708575,21247.05,470.65,2.9256E-03
5,23,5s 4d,1D2,5s 6g,3G3,M1,-0.00004,-0.52389445,-0.42708575,21247.05,470.65,6.0723E-08
5,23,5s 4d,1D2,5s 6g,3G3,M3,-3.54041,-0.52389445,-0.42708575,21247.05,470.65,1.4652E-13
5,24,5s 4d,1D2,5s 6g,1G4,E2,2.40419,-0.52389445,-0.42708467,21247.29,470.65,3.1147E-01
5,24,5s 4d,1D2,5s 6g,1G4,M3,22.54888,-0.52389445,-0.42708467,21247.29,470.65,4.6232E-12
6,1,5s 6s,3S1,5s 4d,3D1,E2,14.46484,-0.48389195,-0.53360755,-10911.31,916.48,1.2081E+00
6,1,5s 6s,3S1,5s 4d,3D1,M1,-0.00000,-0.48389195,-0.53360755,-10911.31,916.48,6.8823E-12
6,2,5s 6s,3S1,5s 4d,3D2,E2,18.83731,-0.48389195,-0.53332056,-10848.33,921.80,1.9903E+00
6,2,5s 6s,3S1,5s 4d,3D2,M1,0.00003,-0.48389195,-0.53332056,-10848.33,921.80,1.1536E-08
6,2,5s 6s,3S1,5s 4d,3D2,M3,66.55336,-0.48389195,-0.53332056,-10848.33,921.80,1.0929E-12
6,3,5s 6s,3S1,5s 4d,3D3,E2,-22.67175,-0.48389195,-0.53284867,-10744.76,930.69,2.7481E+00
6,3,5s 6s,3S1,5s 4d,3D3,M3,-100.56285,-0.48389195,-0.53284867,-10744.76,930.69,2.3331E-12
6,4,5s 6s,3S1,5s 4d,1D2,E2,1.13991,-0.48389195,-0.52389445,-8779.53,1139.01,2.5303E-03
6,4,5s 6s,3S1,5s 4d,1D2,M1,0.00004,-0.48389195,-0.52389445,-8779.53,1139.01,1.0749E-08
6,4,5s 6s,3S1,5s 4d,1D2,M3,100.13888,-0.48389195,-0.52389445,-8779.53,1139.01,5.6259E-13
6,5,5s 6s,3S1,5s 6s,3S1,E2,-0.00315,-0.48389195,-0.48389196,-0.00,10001495295.74,3.6959E-43
6,5,5s 6s,3S1,5s 6s,3S1,M1,-4.89872,-0.48389195,-0.48389196,-0.00,10001495295.74,2.1567E-19
6,6,5s 6s,3S1,5s 5d,1D2,E2,-5.21360,-0.48389195,-0.45778148,5730.59,1745.02,3.7627E-03
6,6,5s 6s,3S1,5s 5d,1D2,M1,0.00047,-0.48389195,-0.45778148,5730.59,1745.02,2.2563E-07
6,6,5s 6s,3S1,5s 5d,1D2,M3,543.42241,-0.48389195,-0.45778148,5730.59,1745.02,5.0177E-13
6,7,5s 6s,3S1,5s 5d,3D1,E2,-104.08495,-0.48389195,-0.45662477,5984.46,1671.00,3.1044E+00
6,7,5s 6s,3S1,5s 5d,3D1,M1,0.00027,-0.48389195,-0.45662477,5984.46,1671.00,1.4162E-07
6,8,5s 6s,3S1,5s 5d,3D2,E2,134.33680,-0.48389195,-0.45655552,5999.65,1666.76,3.1423E+00
6,8,5s 6s,3S1,5s 5d,3D2,M1,0.00032,-0.48389195,-0.45655552,5999.65,1666.76,1.1628E-07
6,8,5s 6s,3S1,5s 5d,3D2,M3,521.87212,-0.48389195,-0.45655552,5999.65,1666.76,6.3804E-13
6,9,5s 6s,3S1,5s 5d,3D3,E2,-159.27661,-0.48389195,-0.45645178,6022.42,1660.46,3.2156E+00
6,9,5s 6s,3S1,5s 5d,3D3,M3,-712.84079,-0.48389195,-0.45645178,6022.42,1660.46,8.7316E-13
6,10,5s 6s,3S1,5p2,3P1,E2,-3.06273,-0.48389195,-0.45416595,6524.10,1532.78,4.1390E-03
6,10,5s 6s,3S1,5p2,3P1,M1,-0.00733,-0.48389195,-0.45416595,6524.10,1532.78,1.3418E-04
6,11,5s 6s,3S1,5p2,3P2,E2,4.05248,-0.48389195,-0.45291557,6798.53,1470.91,5.3425E-03
6,11,5s 6s,3S1,5p2,3P2,M1,-0.00926,-0.48389195,-0.45291557,6798.53,1470.91,1.4539E-04
6,11,5s 6s,3S1,5p2,3P2,M3,77.66743,-0.48389195,-0.45291557,6798.53,1470.91,3.3902E-14
6,12,5s 6s,3S1,4d2,1D2,E2,0.99195,-0.48389195,-0.44726901,8037.81,1244.12,7.3943E-04
6,12,5s 6s,3S1,4d2,1D2,M1,0.00123,-0.48389195,-0.44726901,8037.81,1244.12,4.2670E-06
6,12,5s 6s,3S1,4d2,1D2,M3,259.04604,-0.48389195,-0.44726901,8037.81,1244.12,1.2177E-12
6,13,5s 6s,3S1,5s 7s,3S1,E2,-0.00776,-0.48389195,-0.44568536,8385.38,1192.55,9.3247E-08
6,13,5s 6s,3S1,5s 7s,3S1,M1,0.00005,-0.48389195,-0.44568536,8385.38,1192.55,1.3792E-08
6,14,5s 6s,3S1,4d2,3F2,E2,-0.08751,-0.48389195,-0.44230201,9127.94,1095.54,1.0870E-05
6,14,5s 6s,3S1,4d2,3F2,M1,0.00004,-0.48389195,-0.44230201,9127.94,1095.54,5.8770E-09
6,14,5s 6s,3S1,4d2,3F2,M3,12.14519,-0.48389195,-0.44230201,9127.94,1095.54,6.5201E-15
6,15,5s 6s,3S1,4d2,3F3,E2,-0.13587,-0.48389195,-0.44192522,9210.63,1085.70,1.9578E-05
6,15,5s 6s,3S1,4d2,3F3,M3,0.85436,-0.48389195,-0.44192522,9210.63,1085.70,2.4548E-17
6,16,5s 6s,3S1,4d2,3F4,M3,1.55747,-0.48389195,-0.44140473,9324.87,1072.40,6.9168E-17
6,17,5s 6s,3S1,5s 7d,3D1,E2,-16.69737,-0.48389195,-0.43536260,10650.96,938.88,1.4267E+00
6,17,5s 6s,3S1,5s 7d,3D1,M1,-0.00001,-0.48389195,-0.43536260,10650.96,938.88,2.0573E-09
6,18,5s 6s,3S1,5s 7d,3D2,E2,20.96771,-0.48389195,-0.43533802,10656.36,938.41,1.3532E+00
6,18,5s 6s,3S1,5s 7d,3D2,M1,0.00005,-0.48389195,-0.43533802,10656.36,938.41,1.8402E-08
6,18,5s 6s,3S1,5s 7d,3D2,M3,62.93219,-0.48389195,-0.43533802,10656.36,938.41,5.1742E-13
6,19,5s 6s,3S1,5s 7d,3D3,E2,-24.45565,-0.48389195,-0.43528439,10668.13,937.37,1.3222E+00
6,19,5s 6s,3S1,5s 7d,3D3,M3,-109.01290,-0.48389195,-0.43528439,10668.13,937.37,1.1176E-12
6,20,5s 6s,3S1,5s 7d,1D2,E2,3.13787,-0.48389195,-0.43508660,10711.54,933.57,3.1100E-02
6,20,5s 6s,3S1,5s 7d,1D2,M1,-0.00009,-0.48389195,-0.43508660,10711.54,933.57,5.1187E-08
6,20,5s 6s,3S1,5s 7d,1D2,M3,86.73626,-0.48389195,-0.43508660,10711.54,933.57,1.0191E-12
6,21,5s 6s,3S1,5s 9s,3S1,E2,0.00012,-0.48389195,-0.43048108,11722.33,853.07,1.2896E-10
6,21,5s 6s,3S1,5s 9s,3S1,M1,-0.00006,-0.48389195,-0.43048108,11722.33,853.07,4.5205E-08
6,22,5s 6s,3S1,4d2,1G4,M3,0.13125,-0.48389195,-0.42894029,12060.50,829.15,2.9737E-18
6,23,5s 6s,3S1,5s 6g,3G3,E2,-0.00105,-0.48389195,-0.42708575,12467.52,802.08,5.3426E-09
6,23,5s 6s,3S1,5s 6g,3G3,M3,-0.21963,-0.48389195,-0.42708575,12467.52,802.08,1.3506E-17
6,24,5s 6s,3S1,5s 6g,1G4,M3,-0.24836,-0.48389195,-0.42708467,12467.76,802.07,1.3435E-17
7,1,5s 6s,1S0,5s 4d,3D1,M1,-0.00001,-0.47677891,-0.53360755,-12472.44,801.77,4.6309E-09
7,2,5s 6s,1S0,5s 4d,3D2,E2,0.83062,-0.47677891,-0.53332056,-12409.46,805.84,2.2739E-02
7,3,5s 6s,1S0,5s 4d,3D3,M3,-74.91346,-0.47677891,-0.53284867,-12305.89,812.62,1.0040E-11
7,4,5s 6s,1S0,5s 4d,1D2,E2,-22.54381,-0.47677891,-0.52389445,-10340.66,967.06,6.7297E+00
7,5,5s 6s,1S0,5s 6s,3S1,M1,-0.00010,-0.47677891,-0.48389196,-1561.13,6405.61,9.4054E-10
7,6,5s 6s,1S0,5s 5d,1D2,E2,-134.73012,-0.47677891,-0.45778148,4169.45,2398.40,5.1234E-01
7,7,5s 6s,1S0,5s 5d,3D1,M1,-0.00012,-0.47677891,-0.45662477,4423.32,2260.74,1.0541E-08
7,8,5s 6s,1S0,5s 5d,3D2,E2,-4.62254,-0.47677891,-0.45655552,4438.52,2253.00,8.2449E-04
7,9,5s 6s,1S0,5s 5d,3D3,M3,-684.05834,-0.47677891,-0.45645178,4461.29,2241.50,9.8428E-14
7,10,5s 6s,1S0,5p2,3P1,M1,0.00379,-0.47677891,-0.45416595,4962.97,2014.92,1.5813E-05
7,11,5s 6s,1S0,5p2,3P2,E2,-14.69513,-0.47677891,-0.45291557,5237.40,1909.34,1.9061E-02
7,12,5s 6s,1S0,4d2,1D2,E2,-60.80518,-0.47677891,-0.44726901,6476.68,1544.00,9.4378E-01
7,13,5s 6s,1S0,5s 7s,3S1,M1,0.00018,-0.47677891,-0.44568536,6824.25,1465.36,9.5305E-08
7,14,5s 6s,1S0,4d2,3F2,E2,-2.91663,-0.47677891,-0.44230201,7566.80,1321.56,4.7267E-03
7,15,5s 6s,1S0,4d2,3F3,M3,-0.47358,-0.47677891,-0.44192522,7649.50,1307.27,2.0556E-18
7,17,5s 6s,1S0,5s 7d,3D1,M1,0.00001,-0.47677891,-0.43536260,9089.83,1100.13,2.3144E-10
7,18,5s 6s,1S0,5s 7d,3D2,E2,8.20754,-0.47677891,-0.43533802,9095.23,1099.48,9.3912E-02
7,19,5s 6s,1S0,5s 7d,3D3,M3,-214.41616,-0.47677891,-0.43528439,9106.99,1098.06,1.4284E-12
7,20,5s 6s,1S0,5s 7d,1D2,E2,-43.93042,-0.47677891,-0.43508660,9150.41,1092.85,2.7731E+00
7,21,5s 6s,1S0,5s 9s,3S1,M1,-0.00002,-0.47677891,-0.43048108,10161.20,984.14,2.8721E-09
7,23,5s 6s,1S0,5s 6g,3G3,M3,0.29396,-0.47677891,-0.42708575,10906.39,916.89,9.4851E-18
8,1,5s 5d,1D2,5s 4d,3D1,E2,-0.71901,-0.45778148,-0.53360755,-16641.90,600.89,1.4781E-02
8,1,5s 5d,1D2,5s 4d,3D1,M1,0.00540,-0.45778148,-0.53360755,-16641.90,600.89,7.2475E-04
8,1,5s 5d,1D2,5s 4d,3D1,M3,-7.32886,-0.45778148,-0.53360755,-16641.90,600.89,1.5898E-13
8,2,5s 5d,1D2,5s 4d,3D2,E2,-2.45287,-0.45778148,-0.53332056,-16578.91,603.18,1.6879E-01
8,2,5s 5d,1D2,5s 4d,3D2,M1,-0.00241,-0.45778148,-0.53332056,-16578.91,603.18,1.4287E-04
8,2,5s 5d,1D2,5s 4d,3D2,M3,19.22908,-0.45778148,-0.53332056,-16578.91,603.18,1.0657E-12
8,3,5s 5d,1D2,5s 4d,3D3,E2,0.12001,-0.45778148,-0.53284867,-16475.35,606.97,3.9160E-04
8,3,5s 5d,1D2,5s 4d,3D3,M1,0.00593,-0.45778148,-0.53284867,-16475.35,606.97,8.4939E-04
8,3,5s 5d,1D2,5s 4d,3D3,M3,42.79929,-0.45778148,-0.53284867,-16475.35,606.97,5.0531E-12
8,4,5s 5d,1D2,5s 4d,1D2,E2,33.33683,-0.45778148,-0.52389445,-14510.12,689.17,1.6012E+01
8,4,5s 5d,1D2,5s 4d,1D2,M1,0.00070,-0.45778148,-0.52389445,-14510.12,689.17,8.1735E-06
8,4,5s 5d,1D2,5s 4d,1D2,M3,70.81840,-0.45778148,-0.52389445,-14510.12,689.17,5.6863E-12
8,5,5s 5d,1D2,5s 6s,3S1,E2,-5.21339,-0.45778148,-0.48389196,-5730.59,1745.02,3.7624E-03
8,5,5s 5d,1D2,5s 6s,3S1,M1,0.00047,-0.45778148,-0.48389196,-5730.59,1745.02,2.2564E-07
8,5,5s 5d,1D2,5s 6s,3S1,M3,543.42855,-0.45778148,-0.48389196,-5730.59,1745.02,5.0179E-13
8,6,5s 5d,1D2,5s 5d,1D2,E2,167.39133,-0.45778148,-0.45778148,-0.00,69571763486.30,3.8506E-38
8,6,5s 5d,1D2,5s 5d,1D2,M1,5.48489,-0.45778148,-0.45778148,-0.00,69571763486.30,4.8195E-22
8,6,5s 5d,1D2,5s 5d,1D2,M3,465.33627,-0.45778148,-0.45778148,-0.00,69571763486.30,2.2980E-66
8,7,5s 5d,1D2,5s 5d,3D1,E2,4.75709,-0.45778148,-0.45662477,253.87,39390.47,8.9085E-10
8,7,5s 5d,1D2,5s 5d,3D1,M1,-0.08078,-0.45778148,-0.45662477,253.87,39390.47,9.5987E-07
8,7,5s 5d,1D2,5s 5d,3D1,M3,150.35442,-0.45778148,-0.45662477,253.87,39390.47,2.1438E-23
8,8,5s 5d,1D2,5s 5d,3D2,E2,1.72999,-0.45778148,-0.45655552,269.07,37165.41,9.4542E-11
8,8,5s 5d,1D2,5s 5d,3D2,M1,-0.03154,-0.45778148,-0.45655552,269.07,37165.41,1.0456E-07
8,8,5s 5d,1D2,5s 5d,3D2,M3,457.13773,-0.45778148,-0.45655552,269.07,37165.41,1.7863E-22
8,9,5s 5d,1D2,5s 5d,3D3,E2,-5.09470,-0.45778148,-0.45645178,291.83,34266.03,8.7906E-10
8,9,5s 5d,1D2,5s 5d,3D3,M1,0.08482,-0.45778148,-0.45645178,291.83,34266.03,6.8899E-07
8,9,5s 5d,1D2,5s 5d,3D3,M3,702.32095,-0.45778148,-0.45645178,291.83,34266.03,5.3179E-22
8,10,5s 5d,1D2,5p2,3P1,E2,-1.27442,-0.45778148,-0.45416595,793.52,12602.14,1.9076E-08
8,10,5s 5d,1D2,5p2,3P1,M1,-0.07902,-0.45778148,-0.45416595,793.52,12602.14,2.8055E-05
8,10,5s 5d,1D2,5p2,3P1,M3,-22.85868,-0.45778148,-0.45416595,793.52,12602.14,1.4444E-21
8,11,5s 5d,1D2,5p2,3P2,E2,20.76281,-0.45778148,-0.45291557,1067.94,9363.79,1.3414E-05
8,11,5s 5d,1D2,5p2,3P2,M1,-0.13225,-0.45778148,-0.45291557,1067.94,9363.79,1.1493E-04
8,11,5s 5d,1D2,5p2,3P2,M3,34.75458,-0.45778148,-0.45291557,1067.94,9363.79,1.6022E-20
8,12,5s 5d,1D2,4d2,1D2,E2,90.36790,-0.45778148,-0.44726901,2307.22,4334.22,1.1959E-02
8,12,5s 5d,1D2,4d2,1D2,M1,0.01821,-0.45778148,-0.44726901,2307.22,4334.22,2.1963E-05
8,12,5s 5d,1D2,4d2,1D2,M3,286.58704,-0.45778148,-0.44726901,2307.22,4334.22,2.3932E-16
8,13,5s 5d,1D2,5s 7s,3S1,E2,6.19364,-0.45778148,-0.44568536,2654.79,3766.77,1.8885E-04
8,13,5s 5d,1D2,5s 7s,3S1,M1,-0.00088,-0.45778148,-0.44568536,2654.79,3766.77,1.2939E-07
8,13,5s 5d,1D2,5s 7s,3S1,M3,-641.17577,-0.45778148,-0.44568536,2654.79,3766.77,5.3316E-15
8,14,5s 5d,1D2,4d2,3F2,E2,4.50539,-0.45778148,-0.44230201,3397.35,2943.47,2.0578E-04
8,14,5s 5d,1D2,4d2,3F2,M1,-0.01127,-0.45778148,-0.44230201,3397.35,2943.47,2.6888E-05
8,14,5s 5d,1D2,4d2,3F2,M3,23.96649,-0.45778148,-0.44230201,3397.35,2943.47,2.5121E-17
8,15,5s 5d,1D2,4d2,3F3,E2,-0.85533,-0.45778148,-0.44192522,3480.05,2873.52,5.9744E-06
8,15,5s 5d,1D2,4d2,3F3,M1,0.01684,-0.45778148,-0.44192522,3480.05,2873.52,4.6041E-05
8,15,5s 5d,1D2,4d2,3F3,M3,-34.43291,-0.45778148,-0.44192522,3480.05,2873.52,4.3828E-17
8,16,5s 5d,1D2,4d2,3F4,E2,-0.90713,-0.45778148,-0.44140473,3594.28,2782.20,6.1426E-06
8,16,5s 5d,1D2,4d2,3F4,M3,52.81171,-0.45778148,-0.44140473,3594.28,2782.20,1.0053E-16
8,17,5s 5d,1D2,5s 7d,3D1,E2,2.98050,-0.45778148,-0.43536260,4920.38,2032.37,9.5641E-04
8,17,5s 5d,1D2,5s 7d,3D1,M1,0.00309,-0.45778148,-0.43536260,4920.38,2032.37,1.0215E-05
8,17,5s 5d,1D2,5s 7d,3D1,M3,90.57764,-0.45778148,-0.43536260,4920.38,2032.37,7.9931E-15
8,18,5s 5d,1D2,5s 7d,3D2,E2,-21.86405,-0.45778148,-0.43533802,4925.77,2030.14,3.1050E-02
8,18,5s 5d,1D2,5s 7d,3D2,M1,0.00193,-0.45778148,-0.43533802,4925.77,2030.14,2.4119E-06
8,18,5s 5d,1D2,5s 7d,3D2,M3,207.11449,-0.45778148,-0.43533802,4925.77,2030.14,2.5269E-14
8,19,5s 5d,1D2,5s 7d,3D3,E2,-3.09333,-0.45778148,-0.43528439,4937.54,2025.30,4.4927E-04
8,19,5s 5d,1D2,5s 7d,3D3,M1,-0.00337,-0.45778148,-0.43528439,4937.54,2025.30,5.2533E-06
8,19,5s 5d,1D2,5s 7d,3D3,M3,420.78267,-0.45778148,-0.43528439,4937.54,2025.30,7.5753E-14
8,20,5s 5d,1D2,5s 7d,1D2,E2,107.11422,-0.45778148,-0.43508660,4980.95,2007.65,7.8792E-01
8,20,5s 5d,1D2,5s 7d,1D2,M1,-0.00020,-0.45778148,-0.43508660,4980.95,2007.65,2.6384E-08
8,20,5s 5d,1D2,5s 7d,1D2,M3,350.31446,-0.45778148,-0.43508660,4980.95,2007.65,7.8152E-14
8,21,5s 5d,1D2,5s 9s,3S1,E2,-0.28488,-0.45778148,-0.43048108,5991.75,1668.96,2.3397E-05
8,21,5s 5d,1D2,5s 9s,3S1,M1,0.00020,-0.45778148,-0.43048108,5991.75,1668.96,7.9086E-08
8,21,5s 5d,1D2,5s 9s,3S1,M3,29.27323,-0.45778148,-0.43048108,5991.75,1668.96,3.3152E-15
8,22,5s 5d,1D2,4d2,1G4,E2,-20.34447,-0.45778148,-0.42894029,6329.91,1579.80,5.2340E-02
8,22,5s 5d,1D2,4d2,1G4,M3,-38.09301,-0.45778148,-0.42894029,6329.91,1579.80,2.7481E-15
8,23,5s 5d,1D2,5s 6g,3G3,E2,4.23819,-0.45778148,-0.42708575,6736.93,1484.35,3.9882E-03
8,23,5s 5d,1D2,5s 6g,3G3,M1,-0.00002,-0.45778148,-0.42708575,6736.93,1484.35,5.8791E-10
8,23,5s 5d,1D2,5s 6g,3G3,M3,108.41460,-0.45778148,-0.42708575,6736.93,1484.35,4.4271E-14
8,24,5s 5d,1D2,5s 6g,1G4,E2,-28.83860,-0.45778148,-0.42708467,6737.17,1484.30,1.4365E-01
8,24,5s 5d,1D2,5s 6g,1G4,M3,-466.07825,-0.45778148,-0.42708467,6737.17,1484.30,6.3654E-13
9,1,5s 5d,3D1,5s 4d,3D1,E2,9.22182,-0.45662477,-0.53360755,-16895.77,591.86,4.3712E+00
9,1,5s 5d,3D1,5s 4d,3D1,M1,-0.00001,-0.45662477,-0.53360755,-16895.77,591.86,4.1112E-09
9,2,5s 5d,3D1,5s 4d,3D2,E2,-12.53498,-0.45662477,-0.53332056,-16832.78,594.08,7.9269E+00
9,2,5s 5d,3D1,5s 4d,3D2,M1,0.00359,-0.45662477,-0.53332056,-16832.78,594.08,5.5145E-04
9,2,5s 5d,3D1,5s 4d,3D2,M3,-7.76797,-0.45662477,-0.53332056,-16832.78,594.08,3.2240E-13
9,3,5s 5d,3D1,5s 4d,3D3,E2,-4.56349,-0.45662477,-0.53284867,-16729.21,597.76,1.0187E+00
9,3,5s 5d,3D1,5s 4d,3D3,M3,10.00471,-0.45662477,-0.53284867,-16729.21,597.76,5.1218E-13
9,4,5s 5d,3D1,5s 4d,1D2,E2,-0.75596,-0.45662477,-0.52389445,-14763.99,677.32,1.4966E-02
9,4,5s 5d,3D1,5s 4d,1D2,M1,0.00717,-0.45662477,-0.52389445,-14763.99,677.32,1.4894E-03
9,4,5s 5d,3D1,5s 4d,1D2,M3,19.35175,-0.45662477,-0.52389445,-14763.99,677.32,7.9901E-13
9,5,5s 5d,3D1,5s 6s,3S1,E2,-104.08509,-0.45662477,-0.48389196,-5984.46,1671.00,3.1044E+00
9,5,5s 5d,3D1,5s 6s,3S1,M1,0.00027,-0.45662477,-0.48389196,-5984.46,1671.00,1.4164E-07
9,6,5s 5d,3D1,5s 5d,1D2,E2,4.75791,-0.45662477,-0.45778148,-253.87,39390.45,8.9116E-10
9,6,5s 5d,3D1,5s 5d,1D2,M1,-0.08078,-0.45662477,-0.45778148,-253.87,39390.45,9.5985E-07
9,6,5s 5d,3D1,5s 5d,1D2,M3,150.34824,-0.45662477,-0.45778148,-253.87,39390.45,2.1436E-23
9,7,5s 5d,3D1,5s 5d,3D1,E2,-96.02446,-0.45662477,-0.45662477,-0.00,414085421125.26,2.8274E-42
9,7,5s 5d,3D1,5s 5d,3D1,M1,-1.22696,-0.45662477,-0.45662477,-0.00,414085421125.26,1.9064E-25
9,8,5s 5d,3D1,5s 5d,3D2,E2,-124.20528,-0.45662477,-0.45655552,15.20,657944.09,2.8026E-13
9,8,5s 5d,3D1,5s 5d,3D2,M1,2.11902,-0.45662477,-0.45655552,15.20,657944.09,8.5049E-08
9,8,5s 5d,3D1,5s 5d,3D2,M3,-61.93523,-0.45662477,-0.45655552,15.20,657944.09,6.0172E-33
9,9,5s 5d,3D1,5s 5d,3D3,E2,-42.03901,-0.45662477,-0.45645178,37.97,263395.46,2.2303E-12
9,9,5s 5d,3D1,5s 5d,3D3,M3,93.85719,-0.45662477,-0.45645178,37.97,263395.46,5.9895E-30
9,10,5s 5d,3D1,5p2,3P1,E2,-4.10592,-0.45662477,-0.45416595,539.65,18530.61,2.8804E-08
9,10,5s 5d,3D1,5p2,3P1,M1,0.07247,-0.45662477,-0.45416595,539.65,18530.61,7.4220E-06
9,11,5s 5d,3D1,5p2,3P2,E2,-4.67482,-0.45662477,-0.45291557,814.08,12283.87,1.7502E-07
9,11,5s 5d,3D1,5p2,3P2,M1,0.01775,-0.45662477,-0.45291557,814.08,12283.87,9.1649E-07
9,11,5s 5d,3D1,5p2,3P2,M3,6.75907,-0.45662477,-0.45291557,814.08,12283.87,9.0629E-23
9,12,5s 5d,3D1,4d2,1D2,E2,-1.14307,-0.45662477,-0.44726901,2053.35,4870.08,1.0683E-06
9,12,5s 5d,3D1,4d2,1D2,M1,0.01992,-0.45662477,-0.44726901,2053.35,4870.08,1.8540E-05
9,12,5s 5d,3D1,4d2,1D2,M3,76.97959,-0.45662477,-0.44726901,2053.35,4870.08,7.6355E-18
9,13,5s 5d,3D1,5s 7s,3S1,E2,132.65996,-0.45662477,-0.44568536,2400.92,4165.06,5.2414E-02
9,13,5s 5d,3D1,5s 7s,3S1,M1,-0.00013,-0.45662477,-0.44568536,2400.92,4165.06,2.1927E-09
9,14,5s 5d,3D1,4d2,3F2,E2,2.12173,-0.45662477,-0.44230201,3143.48,3181.19,3.0950E-05
9,14,5s 5d,3D1,4d2,3F2,M1,-0.00030,-0.45662477,-0.44230201,3143.48,3181.19,1.5146E-08
9,14,5s 5d,3D1,4d2,3F2,M3,1.56365,-0.45662477,-0.44230201,3143.48,3181.19,6.2086E-20
9,15,5s 5d,3D1,4d2,3F3,E2,-2.20503,-0.45662477,-0.44192522,3226.18,3099.64,2.7188E-05
9,15,5s 5d,3D1,4d2,3F3,M3,6.80700,-0.45662477,-0.44192522,3226.18,3099.64,1.0080E-18
9,16,5s 5d,3D1,4d2,3F4,M3,-6.75646,-0.45662477,-0.44140473,3340.41,2993.64,9.8539E-19
9,17,5s 5d,3D1,5s 7d,3D1,E2,-65.29445,-0.45662477,-0.43536260,4666.51,2142.93,3.5220E-01
9,17,5s 5d,3D1,5s 7d,3D1,M1,-0.00019,-0.45662477,-0.43536260,4666.51,2142.93,3.2497E-08
9,18,5s 5d,3D1,5s 7d,3D2,E2,-82.99143,-0.45662477,-0.43533802,4671.90,2140.46,3.4337E-01
9,18,5s 5d,3D1,5s 7d,3D2,M1,-0.00346,-0.45662477,-0.43533802,4671.90,2140.46,6.5863E-06
9,18,5s 5d,3D1,5s 7d,3D2,M3,-62.36056,-0.45662477,-0.43533802,4671.90,2140.46,1.5817E-15
9,19,5s 5d,3D1,5s 7d,3D3,E2,-28.15480,-0.45662477,-0.43528439,4683.67,2135.08,2.8585E-02
9,19,5s 5d,3D1,5s 7d,3D3,M3,64.13205,-0.45662477,-0.43528439,4683.67,2135.08,1.2161E-15
9,20,5s 5d,3D1,5s 7d,1D2,E2,-13.86416,-0.45662477,-0.43508660,4727.08,2115.47,1.0162E-02
9,20,5s 5d,3D1,5s 7d,1D2,M1,-0.00703,-0.45662477,-0.43508660,4727.08,2115.47,2.8154E-05
9,20,5s 5d,3D1,5s 7d,1D2,M3,94.64900,-0.45662477,-0.43508660,4727.08,2115.47,3.9557E-15
9,21,5s 5d,3D1,5s 9s,3S1,E2,-3.15390,-0.45662477,-0.43048108,5737.88,1742.80,2.3096E-03
9,21,5s 5d,3D1,5s 9s,3S1,M1,0.00008,-0.45662477,-0.43048108,5737.88,1742.80,1.0978E-08
9,22,5s 5d,3D1,4d2,1G4,M3,-65.33993,-0.45662477,-0.42894029,6076.04,1645.81,6.0711E-15
9,23,5s 5d,3D1,5s 6g,3G3,E2,-219.98028,-0.45662477,-0.42708575,6483.07,1542.48,8.8669E+00
9,23,5s 5d,3D1,5s 6g,3G3,M3,-368.80630,-0.45662477,-0.42708575,6483.07,1542.48,3.9154E-13
9,24,5s 5d,3D1,5s 6g,1G4,M3,-604.81161,-0.45662477,-0.42708467,6483.30,1542.42,8.1918E-13
10,1,5s 5d,3D2,5s 4d,3D1,E2,-12.08838,-0.45655552,-0.53360755,-16910.97,591.33,4.5270E+00
10,1,5s 5d,3D2,5s 4d,3D1,M1,-0.00410,-0.45655552,-0.53360755,-16910.97,591.33,4.3839E-04
10,1,5s 5d,3D2,5s 4d,3D1,M3,-6.15169,-0.45655552,-0.53360755,-16910.97,591.33,1.2532E-13
10,2,5s 5d,3D2,5s 4d,3D2,E2,-9.98445,-0.45655552,-0.53332056,-16847.98,593.54,3.0312E+00
10,2,5s 5d,3D2,5s 4d,3D2,M1,0.00019,-0.45655552,-0.53332056,-16847.98,593.54,8.9012E-07
10,2,5s 5d,3D2,5s 4d,3D2,M3,-59.14342,-0.45655552,-0.53332056,-16847.98,593.54,1.1285E-11
10,3,5s 5d,3D2,5s 4d,3D3,E2,-13.84410,-0.45655552,-0.53284867,-16744.41,597.21,5.6508E+00
10,3,5s 5d,3D2,5s 4d,3D3,M1,0.00572,-0.45655552,-0.53284867,-16744.41,597.21,8.2893E-04
10,3,5s 5d,3D2,5s 4d,3D3,M3,-50.11812,-0.45655552,-0.53284867,-16744.41,597.21,7.7610E-12
10,4,5s 5d,3D2,5s 4d,1D2,E2,-2.01972,-0.45655552,-0.52389445,-14779.19,676.63,6.4426E-02
10,4,5s 5d,3D2,5s 4d,1D2,M1,-0.00345,-0.45655552,-0.52389445,-14779.19,676.63,2.0726E-04
10,4,5s 5d,3D2,5s 4d,1D2,M3,-64.56257,-0.45655552,-0.52389445,-14779.19,676.63,5.3747E-12
10,5,5s 5d,3D2,5s 6s,3S1,E2,-134.33711,-0.45655552,-0.48389196,-5999.66,1666.76,3.1423E+00
10,5,5s 5d,3D2,5s 6s,3S1,M1,-0.00032,-0.45655552,-0.48389196,-5999.66,1666.76,1.1643E-07
10,5,5s 5d,3D2,5s 6s,3S1,M3,-521.87426,-0.45655552,-0.48389196,-5999.66,1666.76,6.3805E-13
10,6,5s 5d,3D2,5s 5d,1D2,E2,-1.73096,-0.45655552,-0.45778148,-269.07,37165.39,9.4648E-11
10,6,5s 5d,3D2,5s 5d,1D2,M1,0.03154,-0.45655552,-0.45778148,-269.07,37165.39,1.0455E-07
10,6,5s 5d,3D2,5s 5d,1D2,M3,-457.11805,-0.45655552,-0.45778148,-269.07,37165.39,1.7862E-22
10,7,5s 5d,3D2,5s 5d,3D1,E2,124.20557,-0.45655552,-0.45662477,-15.20,657941.81,2.8027E-13
10,7,5s 5d,3D2,5s 5d,3D1,M1,-2.11902,-0.45655552,-0.45662477,-15.20,657941.81,8.5050E-08
10,7,5s 5d,3D2,5s 5d,3D1,M3,61.93409,-0.45655552,-0.45662477,-15.20,657941.81,6.0171E-33
10,8,5s 5d,3D2,5s 5d,3D2,E2,-105.24559,-0.45655552,-0.45655552,-0.00,349528507047.53,4.7558E-42
10,8,5s 5d,3D2,5s 5d,3D2,M1,-6.39029,-0.45655552,-0.45655552,-0.00,349528507047.53,5.1589E-24
10,8,5s 5d,3D2,5s 5d,3D2,M3,-662.59870,-0.45655552,-0.45655552,-0.00,349528507047.53,5.7672E-71
10,9,5s 5d,3D2,5s 5d,3D3,E2,-133.35004,-0.45655552,-0.45645178,22.77,439235.34,1.7402E-12
10,9,5s 5d,3D2,5s 5d,3D3,M1,2.15736,-0.45655552,-0.45645178,22.77,439235.34,2.1164E-07
10,9,5s 5d,3D2,5s 5d,3D3,M3,-515.94016,-0.45655552,-0.45645178,22.77,439235.34,5.0470E-30
10,10,5s 5d,3D2,5p2,3P1,E2,2.30254,-0.45655552,-0.45416595,524.45,19067.64,7.8525E-09
10,10,5s 5d,3D2,5p2,3P1,M1,-0.01387,-0.45655552,-0.45416595,524.45,19067.64,2.4933E-07
10,10,5s 5d,3D2,5p2,3P1,M3,2.43743,-0.45655552,-0.45416595,524.45,19067.64,9.0464E-25
10,11,5s 5d,3D2,5p2,3P2,E2,-4.34730,-0.45655552,-0.45291557,798.88,12517.58,1.3774E-07
10,11,5s 5d,3D2,5p2,3P2,M1,0.05617,-0.45655552,-0.45291557,798.88,12517.58,8.6776E-06
10,11,5s 5d,3D2,5p2,3P2,M3,-81.95263,-0.45655552,-0.45291557,798.88,12517.58,1.1677E-20
10,12,5s 5d,3D2,4d2,1D2,E2,-3.90888,-0.45655552,-0.44726901,2038.15,4906.40,1.2037E-05
10,12,5s 5d,3D2,4d2,1D2,M1,-0.01726,-0.45655552,-0.44726901,2038.15,4906.40,1.3615E-05
10,12,5s 5d,3D2,4d2,1D2,M3,-264.90532,-0.45655552,-0.44726901,2038.15,4906.40,8.5838E-17
10,13,5s 5d,3D2,5s 7s,3S1,E2,171.98701,-0.45655552,-0.44568536,2385.72,4191.60,8.5343E-02
10,13,5s 5d,3D2,5s 7s,3S1,M1,0.00042,-0.45655552,-0.44568536,2385.72,4191.60,2.1483E-08
10,13,5s 5d,3D2,5s 7s,3S1,M3,667.13925,-0.45655552,-0.44568536,2385.72,4191.60,2.7319E-15
10,14,5s 5d,3D2,4d2,3F2,E2,-1.90842,-0.45655552,-0.44230201,3128.28,3196.64,2.4440E-05
10,14,5s 5d,3D2,4d2,3F2,M1,0.00145,-0.45655552,-0.44230201,3128.28,3196.64,3.4959E-07
10,14,5s 5d,3D2,4d2,3F2,M3,-8.75524,-0.45655552,-0.44230201,3128.28,3196.64,1.8816E-18
10,15,5s 5d,3D2,4d2,3F3,E2,-2.35847,-0.45655552,-0.44192522,3210.98,3114.31,3.0377E-05
10,15,5s 5d,3D2,4d2,3F3,M1,-0.00156,-0.45655552,-0.44192522,3210.98,3114.31,3.1051E-07
10,15,5s 5d,3D2,4d2,3F3,M3,-6.95089,-0.45655552,-0.44192522,3210.98,3114.31,1.0168E-18
10,16,5s 5d,3D2,4d2,3F4,E2,2.44236,-0.45655552,-0.44140473,3325.21,3007.33,3.0177E-05
10,16,5s 5d,3D2,4d2,3F4,M3,-4.43370,-0.45655552,-0.44140473,3325.21,3007.33,4.1099E-19
10,17,5s 5d,3D2,5s 7d,3D1,E2,84.89750,-0.45655552,-0.43536260,4651.31,2149.93,5.8579E-01
10,17,5s 5d,3D2,5s 7d,3D1,M1,-0.00458,-0.45655552,-0.43536260,4651.31,2149.93,1.8980E-05
10,17,5s 5d,3D2,5s 7d,3D1,M3,41.46901,-0.45655552,-0.43536260,4651.31,2149.93,1.1302E-15
10,18,5s 5d,3D2,5s 7d,3D2,E2,-69.73092,-0.45655552,-0.43533802,4656.70,2147.44,2.3849E-01
10,18,5s 5d,3D2,5s 7d,3D2,M1,-0.00080,-0.45655552,-0.43533802,4656.70,2147.44,3.4898E-07
10,18,5s 5d,3D2,5s 7d,3D2,M3,-372.93631,-0.45655552,-0.43533802,4656.70,2147.44,5.5292E-14
10,19,5s 5d,3D2,5s 7d,3D3,E2,-89.86716,-0.45655552,-0.43528439,4668.47,2142.03,2.8653E-01
10,19,5s 5d,3D2,5s 7d,3D3,M1,-0.00706,-0.45655552,-0.43528439,4668.47,2142.03,1.9562E-05
10,19,5s 5d,3D2,5s 7d,3D3,M3,-345.49754,-0.45655552,-0.43528439,4668.47,2142.03,3.4500E-14
10,20,5s 5d,3D2,5s 7d,1D2,E2,-15.83958,-0.45655552,-0.43508660,4711.88,2122.29,1.3052E-02
10,20,5s 5d,3D2,5s 7d,1D2,M1,0.00302,-0.45655552,-0.43508660,4711.88,2122.29,5.1370E-06
10,20,5s 5d,3D2,5s 7d,1D2,M3,-408.87081,-0.45655552,-0.43508660,4711.88,2122.29,7.2173E-14
10,21,5s 5d,3D2,5s 9s,3S1,E2,-3.84528,-0.45655552,-0.43048108,5722.68,1747.43,3.3879E-03
10,21,5s 5d,3D2,5s 9s,3S1,M1,-0.00012,-0.45655552,-0.43048108,5722.68,1747.43,2.4434E-08
10,21,5s 5d,3D2,5s 9s,3S1,M3,-15.17294,-0.45655552,-0.43048108,5722.68,1747.43,6.4569E-16
10,22,5s 5d,3D2,4d2,1G4,E2,0.08762,-0.45655552,-0.42894029,6060.84,1649.94,7.8130E-07
10,22,5s 5d,3D2,4d2,1G4,M3,62.85146,-0.45655552,-0.42894029,6060.84,1649.94,5.5199E-15
10,23,5s 5d,3D2,5s 6g,3G3,E2,116.37826,-0.45655552,-0.42708575,6467.87,1546.10,2.4527E+00
10,23,5s 5d,3D2,5s 6g,3G3,M1,-0.00009,-0.45655552,-0.42708575,6467.87,1546.10,8.4039E-09
10,23,5s 5d,3D2,5s 6g,3G3,M3,257.64162,-0.45655552,-0.42708575,6467.87,1546.10,1.8796E-13
10,24,5s 5d,3D2,5s 6g,1G4,E2,258.30236,-0.45655552,-0.42708467,6468.10,1546.05,9.3993E+00
10,24,5s 5d,3D2,5s 6g,1G4,M3,1328.93516,-0.45655552,-0.42708467,6468.10,1546.05,3.8906E-12
11,1,5s 5d,3D3,5s 4d,3D1,E2,-4.13381,-0.45645178,-0.53360755,-16933.73,590.54,3.8068E-01
11,1,5s 5d,3D3,5s 4d,3D1,M3,9.87238,-0.45645178,-0.53360755,-16933.73,590.54,2.3271E-13
11,2,5s 5d,3D3,5s 4d,3D2,E2,-13.15204,-0.45645178,-0.53332056,-16870.75,592.74,3.7823E+00
11,2,5s 5d,3D3,5s 4d,3D2,M1,-0.00623,-0.45645178,-0.53332056,-16870.75,592.74,7.1877E-04
11,2,5s 5d,3D3,5s 4d,3D2,M3,-43.92491,-0.45645178,-0.53332056,-16870.75,592.74,4.4882E-12
11,3,5s 5d,3D3,5s 4d,3D3,E2,20.64217,-0.45645178,-0.53284867,-16767.18,596.40,9.0346E+00
11,3,5s 5d,3D3,5s 4d,3D3,M1,0.00021,-0.45645178,-0.53284867,-16767.18,596.40,7.6706E-07
11,3,5s 5d,3D3,5s 4d,3D3,M3,144.87948,-0.45645178,-0.53284867,-16767.18,596.40,4.6768E-11
11,4,5s 5d,3D3,5s 4d,1D2,E2,-0.79120,-0.45645178,-0.52389445,-14801.95,675.59,7.1166E-03
11,4,5s 5d,3D3,5s 4d,1D2,M1,0.00643,-0.45645178,-0.52389445,-14801.95,675.59,5.1615E-04
11,4,5s 5d,3D3,5s 4d,1D2,M3,-89.32871,-0.45645178,-0.52389445,-14801.95,675.59,7.4289E-12
11,5,5s 5d,3D3,5s 6s,3S1,E2,159.27682,-0.45645178,-0.48389196,-6022.42,1660.46,3.2156E+00
11,5,5s 5d,3D3,5s 6s,3S1,M3,712.84101,-0.45645178,-0.48389196,-6022.42,1660.46,8.7316E-13
11,6,5s 5d,3D3,5s 5d,1D2,E2,5.09562,-0.45645178,-0.45778148,-291.83,34266.01,8.7938E-10
11,6,5s 5d,3D3,5s 5d,1D2,M1,-0.08482,-0.45645178,-0.45778148,-291.83,34266.01,6.8898E-07
11,6,5s 5d,3D3,5s 5d,1D2,M3,-702.28478,-0.45645178,-0.45778148,-291.83,34266.01,5.3173E-22
11,7,5s 5d,3D3,5s 5d,3D1,E2,42.03903,-0.45645178,-0.45662477,-37.97,263395.13,2.2303E-12
11,7,5s 5d,3D3,5s 5d,3D1,M3,-93.85691,-0.45645178,-0.45662477,-37.97,263395.13,5.9895E-30
11,8,5s 5d,3D3,5s 5d,3D2,E2,-133.34971,-0.45645178,-0.45655552,-22.77,439234.34,1.7402E-12
11,8,5s 5d,3D3,5s 5d,3D2,M1,2.15736,-0.45645178,-0.45655552,-22.77,439234.34,2.1164E-07
11,8,5s 5d,3D3,5s 5d,3D2,M3,-515.92944,-0.45645178,-0.45655552,-22.77,439234.34,5.0468E-30
11,9,5s 5d,3D3,5s 5d,3D3,E2,207.42323,-0.45645178,-0.45645178,-0.00,423927417081.59,5.0276E-42
11,9,5s 5d,3D3,5s 5d,3D3,M1,12.21983,-0.45645178,-0.45645178,-0.00,423927417081.59,7.5526E-24
11,9,5s 5d,3D3,5s 5d,3D3,M3,1477.08686,-0.45645178,-0.45645178,-0.00,423927417081.59,5.3025E-71
11,10,5s 5d,3D3,5p2,3P1,E2,5.03090,-0.45645178,-0.45416595,501.68,19932.95,3.0027E-08
11,10,5s 5d,3D3,5p2,3P1,M3,7.89378,-0.45645178,-0.45416595,501.68,19932.95,6.9544E-24
11,11,5s 5d,3D3,5p2,3P2,E2,-5.14684,-0.45645178,-0.45291557,776.11,12884.77,1.6708E-07
11,11,5s 5d,3D3,5p2,3P2,M1,0.06534,-0.45645178,-0.45291557,776.11,12884.77,1.0767E-05
11,11,5s 5d,3D3,5p2,3P2,M3,-102.36523,-0.45645178,-0.45291557,776.11,12884.77,1.4880E-20
11,12,5s 5d,3D3,4d2,1D2,E2,-1.08570,-0.45645178,-0.44726901,2015.39,4961.83,8.7790E-07
11,12,5s 5d,3D3,4d2,1D2,M1,0.01394,-0.45645178,-0.44726901,2015.39,4961.83,8.5807E-06
11,12,5s 5d,3D3,4d2,1D2,M3,-398.85134,-0.45645178,-0.44726901,2015.39,4961.83,1.7987E-16
11,13,5s 5d,3D3,5s 7s,3S1,E2,-205.21588,-0.45645178,-0.44568536,2362.96,4231.98,1.1582E-01
11,13,5s 5d,3D3,5s 7s,3S1,M3,-917.08134,-0.45645178,-0.44568536,2362.96,4231.98,4.8272E-15
11,14,5s 5d,3D3,4d2,3F2,E2,-0.49940,-0.45645178,-0.44230201,3105.52,3220.08,1.6136E-06
11,14,5s 5d,3D3,4d2,3F2,M1,0.00034,-0.45645178,-0.44230201,3105.52,3220.08,1.8612E-08
11,14,5s 5d,3D3,4d2,3F2,M3,-17.09103,-0.45645178,-0.44230201,3105.52,3220.08,6.8126E-18
11,15,5s 5d,3D3,4d2,3F3,E2,-1.76006,-0.45645178,-0.44192522,3188.21,3136.55,1.6327E-05
11,15,5s 5d,3D3,4d2,3F3,M1,0.00075,-0.45645178,-0.44192522,3188.21,3136.55,6.9431E-08
11,15,5s 5d,3D3,4d2,3F3,M3,0.25774,-0.45645178,-0.44192522,3188.21,3136.55,1.3302E-21
11,16,5s 5d,3D3,4d2,3F4,E2,-3.72551,-0.45645178,-0.44140473,3302.45,3028.06,6.7843E-05
11,16,5s 5d,3D3,4d2,3F4,M1,-0.00085,-0.45645178,-0.44140473,3302.45,3028.06,7.8376E-08
11,16,5s 5d,3D3,4d2,3F4,M3,-16.52564,-0.45645178,-0.44140473,3302.45,3028.06,5.4417E-18
11,17,5s 5d,3D3,5s 7d,3D1,E2,29.04281,-0.45645178,-0.43536260,4628.54,2160.51,6.6892E-02
11,17,5s 5d,3D3,5s 7d,3D1,M3,-65.37958,-0.45645178,-0.43536260,4628.54,2160.51,2.7144E-15
11,18,5s 5d,3D3,5s 7d,3D2,E2,-90.20448,-0.45645178,-0.43533802,4633.94,2157.99,3.8944E-01
11,18,5s 5d,3D3,5s 7d,3D2,M1,0.00786,-0.45645178,-0.43533802,4633.94,2157.99,3.3171E-05
11,18,5s 5d,3D3,5s 7d,3D2,M3,-239.70052,-0.45645178,-0.43533802,4633.94,2157.99,2.2071E-14
11,19,5s 5d,3D3,5s 7d,3D3,E2,140.80691,-0.45645178,-0.43528439,4645.71,2152.53,6.8645E-01
11,19,5s 5d,3D3,5s 7d,3D3,M1,0.00008,-0.45645178,-0.43528439,4645.71,2152.53,2.2323E-09
11,19,5s 5d,3D3,5s 7d,3D3,M3,1000.85520,-0.45645178,-0.43528439,4645.71,2152.53,2.7978E-13
11,20,5s 5d,3D3,5s 7d,1D2,E2,-15.04104,-0.45645178,-0.43508660,4689.12,2132.60,1.1488E-02
11,20,5s 5d,3D3,5s 7d,1D2,M1,-0.00490,-0.45645178,-0.43508660,4689.12,2132.60,1.3347E-05
11,20,5s 5d,3D3,5s 7d,1D2,M3,-562.55183,-0.45645178,-0.43508660,4689.12,2132.60,1.3207E-13
11,21,5s 5d,3D3,5s 9s,3S1,E2,4.14753,-0.45645178,-0.43048108,5699.91,1754.41,3.8636E-03
11,21,5s 5d,3D3,5s 9s,3S1,M3,18.93342,-0.45645178,-0.43048108,5699.91,1754.41,9.7774E-16
11,22,5s 5d,3D3,4d2,1G4,E2,-0.29109,-0.45645178,-0.42894029,6038.08,1656.16,8.4628E-06
11,22,5s 5d,3D3,4d2,1G4,M1,0.00002,-0.45645178,-0.42894029,6038.08,1656.16,2.1293E-10
11,22,5s 5d,3D3,4d2,1G4,M3,42.11364,-0.45645178,-0.42894029,6038.08,1656.16,2.4138E-15
11,23,5s 5d,3D3,5s 6g,3G3,E2,30.29199,-0.45645178,-0.42708575,6445.10,1551.57,1.6327E-01
11,23,5s 5d,3D3,5s 6g,3G3,M1,-0.00003,-0.45645178,-0.42708575,6445.10,1551.57,1.1038E-09
11,23,5s 5d,3D3,5s 6g,3G3,M3,47.78707,-0.45645178,-0.42708575,6445.10,1551.57,6.3087E-15
11,24,5s 5d,3D3,5s 6g,1G4,E2,115.82279,-0.45645178,-0.42708467,6445.34,1551.51,1.8568E+00
11,24,5s 5d,3D3,5s 6g,1G4,M1,-0.00011,-0.45645178,-0.42708467,6445.34,1551.51,9.8650E-09
11,24,5s 5d,3D3,5s 6g,1G4,M3,694.04814,-0.45645178,-0.42708467,6445.34,1551.51,1.0353E-12
12,1,5p2,3P0,5s 4d,3D1,M1,-0.00071,-0.45510709,-0.53360755,-17228.86,580.42,6.9630E-05
12,2,5p2,3P0,5s 4d,3D2,E2,9.39853,-0.45510709,-0.53332056,-17165.87,582.55,1.4745E+01
12,3,5p2,3P0,5s 4d,3D3,M3,-23.14632,-0.45510709,-0.53284867,-17062.31,586.09,9.4414E-12
12,4,5p2,3P0,5s 4d,1D2,E2,-1.61172,-0.45510709,-0.52389445,-15097.08,662.38,2.2816E-01
12,5,5p2,3P0,5s 6s,3S1,M1,-0.00835,-0.45510709,-0.48389196,-6317.55,1582.89,4.7464E-04
12,6,5p2,3P0,5s 5d,1D2,E2,4.78147,-0.45510709,-0.45778148,-586.96,17036.91,1.7839E-07
12,7,5p2,3P0,5s 5d,3D1,M1,-0.04135,-0.45510709,-0.45662477,-333.09,30021.71,1.7047E-06
12,8,5p2,3P0,5s 5d,3D2,E2,-0.85467,-0.45510709,-0.45655552,-317.89,31457.09,2.6558E-10
12,9,5p2,3P0,5s 5d,3D3,M3,42.04039,-0.45510709,-0.45645178,-295.13,33883.78,1.4428E-23
12,10,5p2,3P0,5p2,3P1,M1,1.39547,-0.45510709,-0.45416595,206.56,48413.14,1.5430E-04
12,11,5p2,3P0,5p2,3P2,E2,19.92517,-0.45510709,-0.45291557,480.98,20790.74,2.2892E-07
12,12,5p2,3P0,4d2,1D2,E2,7.67288,-0.45510709,-0.44726901,1720.26,5813.07,1.9866E-05
12,13,5p2,3P0,5s 7s,3S1,M1,0.01605,-0.45510709,-0.44568536,2067.83,4835.99,2.0489E-05
12,14,5p2,3P0,4d2,3F2,E2,-10.28184,-0.45510709,-0.44230201,2810.39,3558.23,4.1515E-04
12,15,5p2,3P0,4d2,3F3,M3,-16.89001,-0.45510709,-0.44192522,2893.09,3456.52,2.8940E-18
12,17,5p2,3P0,5s 7d,3D1,M1,-0.00369,-0.45510709,-0.43536260,4333.41,2307.65,9.9496E-06
12,18,5p2,3P0,5s 7d,3D2,E2,-1.13528,-0.45510709,-0.43533802,4338.81,2304.78,4.4390E-05
12,19,5p2,3P0,5s 7d,3D3,M3,47.86494,-0.45510709,-0.43528439,4350.58,2298.54,4.0418E-16
12,20,5p2,3P0,5s 7d,1D2,E2,9.72486,-0.45510709,-0.43508660,4393.99,2275.84,3.4697E-03
12,21,5p2,3P0,5s 9s,3S1,M1,-0.00379,-0.45510709,-0.43048108,5404.79,1850.21,2.0395E-05
12,23,5p2,3P0,5s 6g,3G3,M3,-0.70110,-0.45510709,-0.42708575,6149.97,1626.02,9.7810E-19
13,1,5p2,3P1,5s 4d,3D1,E2,-11.45893,-0.45416596,-0.53360755,-17435.41,573.55,7.8982E+00
13,1,5p2,3P1,5s 4d,3D1,M1,-0.00121,-0.45416596,-0.53360755,-17435.41,573.55,6.9584E-05
13,2,5p2,3P1,5s 4d,3D2,E2,-4.51758,-0.45416596,-0.53332056,-17372.43,575.62,1.2056E+00
13,2,5p2,3P1,5s 4d,3D2,M1,-0.00051,-0.45416596,-0.53332056,-17372.43,575.62,1.2285E-05
13,2,5p2,3P1,5s 4d,3D2,M3,-54.55606,-0.45416596,-0.53332056,-17372.43,575.62,1.9833E-11
13,3,5p2,3P1,5s 4d,3D3,E2,-10.98485,-0.45416596,-0.53284867,-17268.86,579.08,6.9181E+00
13,3,5p2,3P1,5s 4d,3D3,M3,-4.08860,-0.45416596,-0.53284867,-17268.86,579.08,1.0683E-13
13,4,5p2,3P1,5s 4d,1D2,E2,0.03851,-0.45416596,-0.52389445,-15303.63,653.44,4.6476E-05
13,4,5p2,3P1,5s 4d,1D2,M1,0.00917,-0.45416596,-0.52389445,-15303.63,653.44,2.7077E-03
13,4,5p2,3P1,5s 4d,1D2,M3,62.69988,-0.45416596,-0.52389445,-15303.63,653.44,1.0784E-11
13,5,5p2,3P1,5s 6s,3S1,E2,3.06274,-0.45416596,-0.48389196,-6524.10,1532.78,4.1391E-03
13,5,5p2,3P1,5s 6s,3S1,M1,0.00733,-0.45416596,-0.48389196,-6524.10,1532.78,1.3418E-04
13,6,5p2,3P1,5s 5d,1D2,E2,1.27443,-0.45416596,-0.45778148,-793.52,12602.16,1.9076E-08
13,6,5p2,3P1,5s 5d,1D2,M1,0.07903,-0.45416596,-0.45778148,-793.52,12602.16,2.8055E-05
13,6,5p2,3P1,5s 5d,1D2,M3,22.85676,-0.45416596,-0.45778148,-793.52,12602.16,1.4441E-21
13,7,5p2,3P1,5s 5d,3D1,E2,4.10601,-0.45416596,-0.45662477,-539.65,18530.65,2.8805E-08
13,7,5p2,3P1,5s 5d,3D1,M1,-0.07247,-0.45416596,-0.45662477,-539.65,18530.65,7.4219E-06
13,8,5p2,3P1,5s 5d,3D2,E2,2.30253,-0.45416596,-0.45655552,-524.45,19067.69,7.8523E-09
13,8,5p2,3P1,5s 5d,3D2,M1,-0.01387,-0.45416596,-0.45655552,-524.45,19067.69,2.4932E-07
13,8,5p2,3P1,5s 5d,3D2,M3,2.43729,-0.45416596,-0.45655552,-524.45,19067.69,9.0452E-25
13,9,5p2,3P1,5s 5d,3D3,E2,5.03082,-0.45416596,-0.45645178,-501.68,19933.00,3.0026E-08
13,9,5p2,3P1,5s 5d,3D3,M3,7.89314,-0.45416596,-0.45645178,-501.68,19933.00,6.9531E-24
13,10,5p2,3P1,5p2,3P1,E2,16.66463,-0.45416596,-0.45416595,0.00,7293679296.11,5.0227E-35
13,10,5p2,3P1,5p2,3P1,M1,3.67207,-0.45416596,-0.45416595,0.00,7293679296.11,3.1246E-19
13,11,5p2,3P1,5p2,3P2,E2,-27.76724,-0.45416596,-0.45291557,274.43,36439.26,2.6881E-08
13,11,5p2,3P1,5p2,3P2,M1,-1.56469,-0.45416596,-0.45291557,274.43,36439.26,2.7297E-04
13,11,5p2,3P1,5p2,3P2,M3,-120.71428,-0.45416596,-0.45291557,274.43,36439.26,1.4301E-23
13,12,5p2,3P1,4d2,1D2,E2,4.12369,-0.45416596,-0.44726901,1513.71,6606.30,3.0270E-06
13,12,5p2,3P1,4d2,1D2,M1,0.21077,-0.45416596,-0.44726901,1513.71,6606.30,8.3123E-04
13,12,5p2,3P1,4d2,1D2,M3,-95.97793,-0.45416596,-0.44726901,1513.71,6606.30,1.4043E-18
13,13,5p2,3P1,5s 7s,3S1,E2,-4.54833,-0.45416596,-0.44568536,1861.28,5372.66,1.7252E-05
13,13,5p2,3P1,5s 7s,3S1,M1,-0.01410,-0.45416596,-0.44568536,1861.28,5372.66,1.1523E-05
13,14,5p2,3P1,4d2,3F2,E2,-11.04873,-0.45416596,-0.44230201,2603.83,3840.49,3.2728E-04
13,14,5p2,3P1,4d2,3F2,M1,0.00671,-0.45416596,-0.44230201,2603.83,3840.49,4.2896E-06
13,14,5p2,3P1,4d2,3F2,M3,-28.12409,-0.45416596,-0.44230201,2603.83,3840.49,5.3739E-18
13,15,5p2,3P1,4d2,3F3,E2,-15.55687,-0.45416596,-0.44192522,2686.53,3722.27,5.4188E-04
13,15,5p2,3P1,4d2,3F3,M3,-66.34111,-0.45416596,-0.44192522,2686.53,3722.27,2.6584E-17
13,16,5p2,3P1,4d2,3F4,M3,-20.67482,-0.45416596,-0.44140473,2800.77,3570.45,2.6877E-18
13,17,5p2,3P1,5s 7d,3D1,E2,6.39438,-0.45416596,-0.43536260,4126.86,2423.15,1.8271E-03
13,17,5p2,3P1,5s 7d,3D1,M1,-0.00652,-0.45416596,-0.43536260,4126.86,2423.15,2.6861E-05
13,18,5p2,3P1,5s 7d,3D2,E2,-0.96000,-0.45416596,-0.43533802,4132.26,2419.99,2.4872E-05
13,18,5p2,3P1,5s 7d,3D2,M1,0.00251,-0.45416596,-0.43533802,4132.26,2419.99,2.3948E-06
13,18,5p2,3P1,5s 7d,3D2,M3,-17.91339,-0.45416596,-0.43533802,4132.26,2419.99,5.5272E-17
13,19,5p2,3P1,5s 7d,3D3,E2,5.03397,-0.45416596,-0.43528439,4144.02,2413.11,4.9549E-04
13,19,5p2,3P1,5s 7d,3D3,M3,20.52200,-0.45416596,-0.43528439,4144.02,2413.11,5.2858E-17
13,20,5p2,3P1,5s 7d,1D2,E2,-0.21329,-0.45416596,-0.43508660,4187.44,2388.10,1.3119E-06
13,20,5p2,3P1,5s 7d,1D2,M1,-0.01213,-0.45416596,-0.43508660,4187.44,2388.10,5.8322E-05
13,20,5p2,3P1,5s 7d,1D2,M3,-1.54614,-0.45416596,-0.43508660,4187.44,2388.10,4.5183E-19
13,21,5p2,3P1,5s 9s,3S1,E2,-0.19720,-0.45416596,-0.43048108,5198.23,1923.73,5.5102E-06
13,21,5p2,3P1,5s 9s,3S1,M1,0.00336,-0.45416596,-0.43048108,5198.23,1923.73,1.4229E-05
13,22,5p2,3P1,4d2,1G4,M3,3.09857,-0.45416596,-0.42894029,5536.39,1806.23,7.1200E-18
13,23,5p2,3P1,5s 6g,3G3,E2,7.79487,-0.45416596,-0.42708575,5943.42,1682.53,7.2094E-03
13,23,5p2,3P1,5s 6g,3G3,M3,12.34819,-0.45416596,-0.42708575,5943.42,1682.53,2.3888E-16
13,24,5p2,3P1,5s 6g,1G4,M3,20.44428,-0.45416596,-0.42708467,5943.65,1682.47,5.0943E-16
14,1,5p2,3P2,5s 4d,3D1,E2,-6.75089,-0.45291557,-0.53360755,-17709.84,564.66,1.7784E+00
14,1,5p2,3P2,5s 4d,3D1,M1,-0.00091,-0.45291557,-0.53360755,-17709.84,564.66,2.4779E-05
14,1,5p2,3P2,5s 4d,3D1,M3,24.00720,-0.45291557,-0.53360755,-17709.84,564.66,2.6365E-12
14,2,5p2,3P2,5s 4d,3D2,E2,-13.08775,-0.45291557,-0.53332056,-17646.85,566.67,6.5659E+00
14,2,5p2,3P2,5s 4d,3D2,M1,-0.00173,-0.45291557,-0.53332056,-17646.85,566.67,8.8863E-05
14,2,5p2,3P2,5s 4d,3D2,M3,-45.75287,-0.45291557,-0.53332056,-17646.85,566.67,9.3400E-12
14,3,5p2,3P2,5s 4d,3D3,E2,15.57020,-0.45291557,-0.53284867,-17543.29,570.02,9.0234E+00
14,3,5p2,3P2,5s 4d,3D3,M1,-0.00145,-0.45291557,-0.53284867,-17543.29,570.02,6.1152E-05
14,3,5p2,3P2,5s 4d,3D3,M3,64.53056,-0.45291557,-0.53284867,-17543.29,570.02,1.7830E-11
14,4,5p2,3P2,5s 4d,1D2,E2,0.55533,-0.45291557,-0.52389445,-15578.06,641.93,6.3372E-03
14,4,5p2,3P2,5s 4d,1D2,M1,0.01567,-0.45291557,-0.52389445,-15578.06,641.93,5.0062E-03
14,4,5p2,3P2,5s 4d,1D2,M3,81.51306,-0.45291557,-0.52389445,-15578.06,641.93,1.2385E-11
14,5,5p2,3P2,5s 6s,3S1,E2,-4.05254,-0.45291557,-0.48389196,-6798.53,1470.91,5.3427E-03
14,5,5p2,3P2,5s 6s,3S1,M1,0.00926,-0.45291557,-0.48389196,-6798.53,1470.91,1.4538E-04
14,5,5p2,3P2,5s 6s,3S1,M3,-77.66891,-0.45291557,-0.48389196,-6798.53,1470.91,3.3903E-14
14,6,5p2,3P2,5s 5d,1D2,E2,-20.76276,-0.45291557,-0.45778148,-1067.94,9363.80,1.3413E-05
14,6,5p2,3P2,5s 5d,1D2,M1,0.13225,-0.45291557,-0.45778148,-1067.94,9363.80,1.1493E-04
14,6,5p2,3P2,5s 5d,1D2,M3,-34.75802,-0.45291557,-0.45778148,-1067.94,9363.80,1.6025E-20
14,7,5p2,3P2,5s 5d,3D1,E2,4.67501,-0.45291557,-0.45662477,-814.07,12283.90,1.7503E-07
14,7,5p2,3P2,5s 5d,3D1,M1,-0.01775,-0.45291557,-0.45662477,-814.07,12283.90,9.1650E-07
14,7,5p2,3P2,5s 5d,3D1,M3,-6.75980,-0.45291557,-0.45662477,-814.07,12283.90,9.0647E-23
14,8,5p2,3P2,5s 5d,3D2,E2,-4.34723,-0.45291557,-0.45655552,-798.88,12517.60,1.3774E-07
14,8,5p2,3P2,5s 5d,3D2,M1,0.05617,-0.45291557,-0.45655552,-798.88,12517.60,8.6775E-06
14,8,5p2,3P2,5s 5d,3D2,M3,-81.95771,-0.45291557,-0.45655552,-798.88,12517.60,1.1678E-20
14,9,5p2,3P2,5s 5d,3D3,E2,-5.14688,-0.45291557,-0.45645178,-776.11,12884.80,1.6708E-07
14,9,5p2,3P2,5s 5d,3D3,M1,0.06534,-0.45291557,-0.45645178,-776.11,12884.80,1.0767E-05
14,9,5p2,3P2,5s 5d,3D3,M3,-102.37179,-0.45291557,-0.45645178,-776.11,12884.80,1.4882E-20
14,10,5p2,3P2,5p2,3P1,E2,-27.76726,-0.45291557,-0.45416595,-274.43,36439.66,2.6880E-08
14,10,5p2,3P2,5p2,3P1,M1,-1.56469,-0.45291557,-0.45416595,-274.43,36439.66,2.7296E-04
14,10,5p2,3P2,5p2,3P1,M3,-120.71470,-0.45291557,-0.45416595,-274.43,36439.66,1.4300E-23
14,11,5p2,3P2,5p2,3P2,E2,21.11558,-0.45291557,-0.45291557,0.00,6025444098.29,1.2574E-34
14,11,5p2,3P2,5p2,3P2,M1,-8.15732,-0.45291557,-0.45291557,0.00,6025444098.29,1.6409E-18
14,11,5p2,3P2,5p2,3P2,M3,101.04741,-0.45291557,-0.45291557,0.00,6025444098.29,2.9646E-60
14,12,5p2,3P2,4d2,1D2,E2,-16.69617,-0.45291557,-0.44726901,1239.28,8069.21,1.8252E-05
14,12,5p2,3P2,4d2,1D2,M1,0.36256,-0.45291557,-0.44726901,1239.28,8069.21,1.3497E-03
14,12,5p2,3P2,4d2,1D2,M3,-197.11124,-0.45291557,-0.44726901,1239.28,8069.21,1.4603E-18
14,13,5p2,3P2,5s 7s,3S1,E2,6.59686,-0.45291557,-0.44568536,1586.85,6301.80,1.6347E-05
14,13,5p2,3P2,5s 7s,3S1,M1,-0.01810,-0.45291557,-0.44568536,1586.85,6301.80,1.1771E-05
14,13,5p2,3P2,5s 7s,3S1,M3,124.20670,-0.45291557,-0.44568536,1586.85,6301.80,5.4542E-18
14,14,5p2,3P2,4d2,3F2,E2,-5.18018,-0.45291557,-0.44230201,2329.41,4292.94,4.1224E-05
14,14,5p2,3P2,4d2,3F2,M1,0.00699,-0.45291557,-0.44230201,2329.41,4292.94,3.3294E-06
14,14,5p2,3P2,4d2,3F2,M3,-20.27512,-0.45291557,-0.44230201,2329.41,4292.94,1.2808E-18
14,15,5p2,3P2,4d2,3F3,E2,-11.33071,-0.45291557,-0.44192522,2412.10,4145.76,1.6772E-04
14,15,5p2,3P2,4d2,3F3,M1,0.00645,-0.45291557,-0.44192522,2412.10,4145.76,2.2514E-06
14,15,5p2,3P2,4d2,3F3,M3,-66.23089,-0.45291557,-0.44192522,2412.10,4145.76,1.2463E-17
14,16,5p2,3P2,4d2,3F4,E2,-21.91814,-0.45291557,-0.44140473,2526.34,3958.30,6.1521E-04
14,16,5p2,3P2,4d2,3F4,M3,-120.00273,-0.45291557,-0.44140473,2526.34,3958.30,4.3994E-17
14,17,5p2,3P2,5s 7d,3D1,E2,4.36716,-0.45291557,-0.43536260,3852.43,2595.76,6.0416E-04
14,17,5p2,3P2,5s 7d,3D1,M1,-0.00518,-0.45291557,-0.43536260,3852.43,2595.76,1.3813E-05
14,17,5p2,3P2,5s 7d,3D1,M3,-17.29293,-0.45291557,-0.43536260,3852.43,2595.76,5.2550E-17
14,18,5p2,3P2,5s 7d,3D2,E2,-0.97130,-0.45291557,-0.43533802,3857.83,2592.13,1.8057E-05
14,18,5p2,3P2,5s 7d,3D2,M1,0.00980,-0.45291557,-0.43533802,3857.83,2592.13,2.9740E-05
14,18,5p2,3P2,5s 7d,3D2,M3,-60.98476,-0.45291557,-0.43533802,3857.83,2592.13,3.9599E-16
14,19,5p2,3P2,5s 7d,3D3,E2,-2.94280,-0.45291557,-0.43528439,3869.60,2584.25,1.2021E-04
14,19,5p2,3P2,5s 7d,3D3,M1,0.00908,-0.45291557,-0.43528439,3869.60,2584.25,1.8417E-05
14,19,5p2,3P2,5s 7d,3D3,M3,-87.74804,-0.45291557,-0.43528439,3869.60,2584.25,5.9820E-16
14,20,5p2,3P2,5s 7d,1D2,E2,-18.68350,-0.45291557,-0.43508660,3913.01,2555.58,7.1730E-03
14,20,5p2,3P2,5s 7d,1D2,M1,-0.02017,-0.45291557,-0.43508660,3913.01,2555.58,1.3150E-04
14,20,5p2,3P2,5s 7d,1D2,M3,-50.60020,-0.45291557,-0.43508660,3913.01,2555.58,3.0111E-16
14,21,5p2,3P2,5s 9s,3S1,E2,0.51391,-0.45291557,-0.43048108,4923.80,2030.95,2.8534E-05
14,21,5p2,3P2,5s 9s,3S1,M1,0.00438,-0.45291557,-0.43048108,4923.80,2030.95,2.0552E-05
14,21,5p2,3P2,5s 9s,3S1,M3,8.24853,-0.45291557,-0.43048108,4923.80,2030.95,6.6611E-17
14,22,5p2,3P2,4d2,1G4,E2,5.01245,-0.45291557,-0.42894029,5261.97,1900.43,1.2612E-03
14,22,5p2,3P2,4d2,1G4,M3,22.17785,-0.45291557,-0.42894029,5261.97,1900.43,2.5553E-16
14,23,5p2,3P2,5s 6g,3G3,E2,4.63478,-0.45291557,-0.42708575,5668.99,1763.98,2.0123E-03
14,23,5p2,3P2,5s 6g,3G3,M1,-0.00005,-0.45291557,-0.42708575,5668.99,1763.98,1.6859E-09
14,23,5p2,3P2,5s 6g,3G3,M3,-4.58007,-0.45291557,-0.42708575,5668.99,1763.98,2.3605E-17
14,24,5p2,3P2,5s 6g,1G4,E2,15.87779,-0.45291557,-0.42708467,5669.23,1763.91,1.8372E-02
14,24,5p2,3P2,5s 6g,1G4,M3,127.49116,-0.45291557,-0.42708467,5669.23,1763.91,1.4230E-14
15,1,4d2,1D2,5s 4d,3D1,E2,1.95860,-0.44726900,-0.53360755,-18949.12,527.73,2.0993E-01
15,1,4d2,1D2,5s 4d,3D1,M1,0.00026,-0.44726900,-0.53360755,-18949.12,527.73,2.4038E-06
15,1,4d2,1D2,5s 4d,3D1,M3,17.21125,-0.44726900,-0.53360755,-18949.12,527.73,2.1756E-12
15,2,4d2,1D2,5s 4d,3D2,E2,-0.39774,-0.44726900,-0.53332056,-18886.13,529.49,8.5142E-03
15,2,4d2,1D2,5s 4d,3D2,M1,0.00019,-0.44726900,-0.53332056,-18886.13,529.49,1.2531E-06
15,2,4d2,1D2,5s 4d,3D2,M3,-60.08044,-0.44726900,-0.53332056,-18886.13,529.49,2.5900E-11
15,3,4d2,1D2,5s 4d,3D3,E2,-2.67319,-0.44726900,-0.53284867,-18782.57,532.41,3.7417E-01
15,3,4d2,1D2,5s 4d,3D3,M1,0.00035,-0.44726900,-0.53284867,-18782.57,532.41,4.4428E-06
15,3,4d2,1D2,5s 4d,3D3,M3,-114.33909,-0.44726900,-0.53284867,-18782.57,532.41,9.0264E-11
15,4,4d2,1D2,5s 4d,1D2,E2,23.71901,-0.44726900,-0.52389445,-16817.34,594.62,1.6952E+01
15,4,4d2,1D2,5s 4d,1D2,M1,-0.00194,-0.44726900,-0.52389445,-16817.34,594.62,9.6401E-05
15,4,4d2,1D2,5s 4d,1D2,M3,-28.69282,-0.44726900,-0.52389445,-16817.34,594.62,2.6223E-12
15,5,4d2,1D2,5s 6s,3S1,E2,-0.99264,-0.44726900,-0.48389196,-8037.81,1244.12,7.4045E-04
15,5,4d2,1D2,5s 6s,3S1,M1,-0.00123,-0.44726900,-0.48389196,-8037.81,1244.12,4.2674E-06
15,5,4d2,1D2,5s 6s,3S1,M3,-259.06705,-0.44726900,-0.48389196,-8037.81,1244.12,1.2179E-12
15,6,4d2,1D2,5s 5d,1D2,E2,-90.37896,-0.44726900,-0.45778148,-2307.22,4334.22,1.1962E-02
15,6,4d2,1D2,5s 5d,1D2,M1,-0.01821,-0.44726900,-0.45778148,-2307.22,4334.22,2.1963E-05
15,6,4d2,1D2,5s 5d,1D2,M3,-286.62023,-0.44726900,-0.45778148,-2307.22,4334.22,2.3937E-16
15,7,4d2,1D2,5s 5d,3D1,E2,1.14556,-0.44726900,-0.45662477,-2053.35,4870.08,1.0730E-06
15,7,4d2,1D2,5s 5d,3D1,M1,-0.01992,-0.44726900,-0.45662477,-2053.35,4870.08,1.8538E-05
15,7,4d2,1D2,5s 5d,3D1,M3,-76.99642,-0.44726900,-0.45662477,-2053.35,4870.08,7.6388E-18
15,8,4d2,1D2,5s 5d,3D2,E2,-3.90946,-0.44726900,-0.45655552,-2038.15,4906.40,1.2041E-05
15,8,4d2,1D2,5s 5d,3D2,M1,-0.01726,-0.44726900,-0.45655552,-2038.15,4906.40,1.3614E-05
15,8,4d2,1D2,5s 5d,3D2,M3,-264.97039,-0.44726900,-0.45655552,-2038.15,4906.40,8.5880E-17
15,9,4d2,1D2,5s 5d,3D3,E2,-1.08845,-0.44726900,-0.45645178,-2015.39,4961.83,8.8235E-07
15,9,4d2,1D2,5s 5d,3D3,M1,0.01394,-0.44726900,-0.45645178,-2015.39,4961.83,8.5797E-06
15,9,4d2,1D2,5s 5d,3D3,M3,-398.95252,-0.44726900,-0.45645178,-2015.39,4961.83,1.7997E-16
15,10,4d2,1D2,5p2,3P1,E2,4.12371,-0.44726900,-0.45416595,-1513.71,6606.31,3.0270E-06
15,10,4d2,1D2,5p2,3P1,M1,0.21077,-0.44726900,-0.45416595,-1513.71,6606.31,8.3122E-04
15,10,4d2,1D2,5p2,3P1,M3,-95.98410,-0.44726900,-0.45416595,-1513.71,6606.31,1.4045E-18
15,11,4d2,1D2,5p2,3P2,E2,-16.69837,-0.44726900,-0.45291557,-1239.28,8069.22,1.8257E-05
15,11,4d2,1D2,5p2,3P2,M1,0.36256,-0.44726900,-0.45291557,-1239.28,8069.22,1.3497E-03
15,11,4d2,1D2,5p2,3P2,M3,-197.12483,-0.44726900,-0.45291557,-1239.28,8069.22,1.4605E-18
15,12,4d2,1D2,4d2,1D2,E2,-74.34982,-0.44726900,-0.44726901,-0.00,15234152532.43,1.5090E-35
15,12,4d2,1D2,4d2,1D2,M1,-5.52114,-0.44726900,-0.44726901,-0.00,15234152532.43,4.6513E-20
15,12,4d2,1D2,4d2,1D2,M3,-110.03703,-0.44726900,-0.44726901,-0.00,15234152532.43,5.3234E-63
15,13,4d2,1D2,5s 7s,3S1,E2,2.64924,-0.44726900,-0.44568536,347.57,28771.18,1.3290E-09
15,13,4d2,1D2,5s 7s,3S1,M1,0.00246,-0.44726900,-0.44568536,347.57,28771.18,2.2796E-09
15,13,4d2,1D2,5s 7s,3S1,M3,628.69755,-0.44726900,-0.44568536,347.57,28771.18,3.3796E-21
15,14,4d2,1D2,4d2,3F2,E2,-3.63988,-0.44726900,-0.44230201,1090.13,9173.23,4.5687E-07
15,14,4d2,1D2,4d2,3F2,M1,-0.09678,-0.44726900,-0.44230201,1090.13,9173.23,6.5466E-05
15,14,4d2,1D2,4d2,3F2,M3,7.14954,-0.44726900,-0.44230201,1090.13,9173.23,7.8296E-22
15,15,4d2,1D2,4d2,3F3,E2,1.18312,-0.44726900,-0.44192522,1172.83,8526.42,4.9696E-08
15,15,4d2,1D2,4d2,3F3,M1,0.13500,-0.44726900,-0.44192522,1172.83,8526.42,1.1329E-04
15,15,4d2,1D2,4d2,3F3,M3,-40.93877,-0.44726900,-0.44192522,1172.83,8526.42,3.0592E-20
15,16,4d2,1D2,4d2,3F4,E2,2.63701,-0.44726900,-0.44140473,1287.06,7769.65,3.0561E-07
15,16,4d2,1D2,4d2,3F4,M3,113.81845,-0.44726900,-0.44140473,1287.06,7769.65,3.5252E-19
15,17,4d2,1D2,5s 7d,3D1,E2,1.46350,-0.44726900,-0.43536260,2613.15,3826.79,9.7429E-06
15,17,4d2,1D2,5s 7d,3D1,M1,-0.00829,-0.44726900,-0.43536260,2613.15,3826.79,1.1021E-05
15,17,4d2,1D2,5s 7d,3D1,M3,-113.49792,-0.44726900,-0.43536260,2613.15,3826.79,1.4956E-16
15,18,4d2,1D2,5s 7d,3D2,E2,22.10754,-0.44726900,-0.43533802,2618.55,3818.91,1.3478E-03
15,18,4d2,1D2,5s 7d,3D2,M1,-0.00536,-0.44726900,-0.43533802,2618.55,3818.91,2.7843E-06
15,18,4d2,1D2,5s 7d,3D2,M3,-289.04017,-0.44726900,-0.43533802,2618.55,3818.91,5.9045E-16
15,19,4d2,1D2,5s 7d,3D3,E2,-1.97546,-0.44726900,-0.43528439,2630.32,3801.82,7.8610E-06
15,19,4d2,1D2,5s 7d,3D3,M1,0.00760,-0.44726900,-0.43528439,2630.32,3801.82,4.0515E-06
15,19,4d2,1D2,5s 7d,3D3,M3,-568.06346,-0.44726900,-0.43528439,2630.32,3801.82,1.6810E-15
15,20,4d2,1D2,5s 7d,1D2,E2,-133.86401,-0.44726900,-0.43508660,2673.73,3740.10,5.4846E-02
15,20,4d2,1D2,5s 7d,1D2,M1,0.00198,-0.44726900,-0.43508660,2673.73,3740.10,4.0563E-07
15,20,4d2,1D2,5s 7d,1D2,M3,-500.55365,-0.44726900,-0.43508660,2673.73,3740.10,2.0491E-15
15,21,4d2,1D2,5s 9s,3S1,E2,0.61493,-0.44726900,-0.43048108,3684.52,2714.05,9.5858E-06
15,21,4d2,1D2,5s 9s,3S1,M1,-0.00062,-0.44726900,-0.43048108,3684.52,2714.05,1.7263E-07
15,21,4d2,1D2,5s 9s,3S1,M3,157.18344,-0.44726900,-0.43048108,3684.52,2714.05,3.1781E-15
15,22,4d2,1D2,4d2,1G4,E2,39.69215,-0.44726900,-0.42894029,4022.69,2485.90,2.0651E-02
15,22,4d2,1D2,4d2,1G4,M3,154.93067,-0.44726900,-0.42894029,4022.69,2485.90,1.9031E-15
15,23,4d2,1D2,5s 6g,3G3,E2,1.75612,-0.44726900,-0.42708575,4429.71,2257.48,8.4157E-05
15,23,4d2,1D2,5s 6g,3G3,M1,-0.00027,-0.44726900,-0.42708575,4429.71,2257.48,2.3619E-08
15,23,4d2,1D2,5s 6g,3G3,M3,-89.89862,-0.44726900,-0.42708575,4429.71,2257.48,1.6175E-15
15,24,4d2,1D2,5s 6g,1G4,E2,39.84107,-0.44726900,-0.42708467,4429.95,2257.36,3.3699E-02
15,24,4d2,1D2,5s 6g,1G4,M3,504.61548,-0.44726900,-0.42708467,4429.95,2257.36,3.9653E-14
16,1,5s 7s,1S0,5s 4d,3D1,M1,0.00009,-0.44622810,-0.53360755,-19177.57,521.44,1.4448E-06
16,2,5s 7s,1S0,5s 4d,3D2,E2,-0.82360,-0.44622810,-0.53332056,-19114.59,523.16,1.9384E-01
16,3,5s 7s,1S0,5s 4d,3D3,M3,33.75592,-0.44622810,-0.53284867,-19011.02,526.01,4.2810E-11
16,4,5s 7s,1S0,5s 4d,1D2,E2,-11.70779,-0.44622810,-0.52389445,-17045.79,586.66,2.2092E+01
16,5,5s 7s,1S0,5s 6s,3S1,M1,0.00114,-0.44622810,-0.48389196,-8266.26,1209.74,1.9841E-05
16,6,5s 7s,1S0,5s 5d,1D2,E2,99.22459,-0.44622810,-0.45778148,-2535.67,3943.72,1.1559E-01
16,7,5s 7s,1S0,5s 5d,3D1,M1,0.00544,-0.44622810,-0.45662477,-2281.81,4382.49,9.4717E-06
16,8,5s 7s,1S0,5s 5d,3D2,E2,3.50448,-0.44622810,-0.45655552,-2266.61,4411.88,8.2286E-05
16,9,5s 7s,1S0,5s 5d,3D3,M3,574.91581,-0.44622810,-0.45645178,-2243.84,4456.65,3.9624E-15
16,10,5s 7s,1S0,5p2,3P1,M1,-0.18427,-0.44622810,-0.45416595,-1742.16,5740.01,4.8428E-03
16,11,5s 7s,1S0,5p2,3P2,E2,15.61693,-0.44622810,-0.45291557,-1467.73,6813.24,1.8605E-04
16,12,5s 7s,1S0,4d2,1D2,E2,117.40848,-0.44622810,-0.44726901,-228.45,43772.70,9.6068E-07
16,13,5s 7s,1S0,5s 7s,3S1,M1,-0.00201,-0.44622810,-0.44568536,119.12,83950.49,6.1271E-11
16,14,5s 7s,1S0,4d2,3F2,E2,9.67837,-0.44622810,-0.44230201,861.68,11605.29,9.9667E-07
16,15,5s 7s,1S0,4d2,3F3,M3,3.05151,-0.44622810,-0.44192522,944.37,10589.03,3.7303E-23
16,17,5s 7s,1S0,5s 7d,3D1,M1,0.00055,-0.44622810,-0.43536260,2384.70,4193.40,3.7154E-08
16,18,5s 7s,1S0,5s 7d,3D2,E2,-52.96057,-0.44622810,-0.43533802,2390.10,4183.93,4.9002E-03
16,19,5s 7s,1S0,5s 7d,3D3,M3,1487.82340,-0.44622810,-0.43528439,2401.87,4163.43,6.1046E-15
16,20,5s 7s,1S0,5s 7d,1D2,E2,304.19892,-0.44622810,-0.43508660,2445.28,4089.52,1.8121E-01
16,21,5s 7s,1S0,5s 9s,3S1,M1,0.00064,-0.44622810,-0.43048108,3456.07,2893.46,1.5066E-07
16,23,5s 7s,1S0,5s 6g,3G3,M3,0.94416,-0.44622810,-0.42708575,4201.26,2380.24,1.2316E-19
17,1,5s 7s,3S1,5s 4d,3D1,E2,-2.17025,-0.44568535,-0.53360755,-19296.69,518.22,4.7045E-01
17,1,5s 7s,3S1,5s 4d,3D1,M1,-0.00002,-0.44568535,-0.53360755,-19296.69,518.22,3.4640E-08
17,2,5s 7s,3S1,5s 4d,3D2,E2,-2.66195,-0.44568535,-0.53332056,-19233.71,519.92,6.9629E-01
17,2,5s 7s,3S1,5s 4d,3D2,M1,-0.00003,-0.44568535,-0.53332056,-19233.71,519.92,5.8808E-08
17,2,5s 7s,3S1,5s 4d,3D2,M3,-9.66425,-0.44568535,-0.53332056,-19233.71,519.92,1.2690E-12
17,3,5s 7s,3S1,5s 4d,3D3,E2,2.91489,-0.44568535,-0.53284867,-19130.14,522.74,8.1267E-01
17,3,5s 7s,3S1,5s 4d,3D3,M3,13.08369,-0.44568535,-0.53284867,-19130.14,522.74,2.2396E-12
17,4,5s 7s,3S1,5s 4d,1D2,E2,-0.10958,-0.44568535,-0.52389445,-17164.91,582.58,6.6792E-04
17,4,5s 7s,3S1,5s 4d,1D2,M1,0.00011,-0.44568535,-0.52389445,-17164.91,582.58,5.2741E-07
17,4,5s 7s,3S1,5s 4d,1D2,M3,-6.73239,-0.44568535,-0.52389445,-17164.91,582.58,2.7766E-13
17,5,5s 7s,3S1,5s 6s,3S1,E2,0.00776,-0.44568535,-0.48389196,-8385.38,1192.55,9.3215E-08
17,5,5s 7s,3S1,5s 6s,3S1,M1,-0.00005,-0.44568535,-0.48389196,-8385.38,1192.55,1.3571E-08
17,6,5s 7s,3S1,5s 5d,1D2,E2,-6.19786,-0.44568535,-0.45778148,-2654.79,3766.77,1.8911E-04
17,6,5s 7s,3S1,5s 5d,1D2,M1,0.00088,-0.44568535,-0.45778148,-2654.79,3766.77,1.2942E-07
17,6,5s 7s,3S1,5s 5d,1D2,M3,641.06592,-0.44568535,-0.45778148,-2654.79,3766.77,5.3298E-15
17,7,5s 7s,3S1,5s 5d,3D1,E2,-132.66164,-0.44568535,-0.45662477,-2400.92,4165.06,5.2416E-02
17,7,5s 7s,3S1,5s 5d,3D1,M1,0.00013,-0.44568535,-0.45662477,-2400.92,4165.06,2.1939E-09
17,8,5s 7s,3S1,5s 5d,3D2,E2,171.98794,-0.44568535,-0.45655552,-2385.73,4191.60,8.5345E-02
17,8,5s 7s,3S1,5s 5d,3D2,M1,0.00042,-0.44568535,-0.45655552,-2385.73,4191.60,2.1505E-08
17,8,5s 7s,3S1,5s 5d,3D2,M3,667.10763,-0.44568535,-0.45655552,-2385.73,4191.60,2.7316E-15
17,9,5s 7s,3S1,5s 5d,3D3,E2,-205.21813,-0.44568535,-0.45645178,-2362.96,4231.98,1.1582E-01
17,9,5s 7s,3S1,5s 5d,3D3,M3,-917.09170,-0.44568535,-0.45645178,-2362.96,4231.98,4.8273E-15
17,10,5s 7s,3S1,5p2,3P1,E2,-4.54826,-0.44568535,-0.45416595,-1861.28,5372.66,1.7251E-05
17,10,5s 7s,3S1,5p2,3P1,M1,-0.01410,-0.44568535,-0.45416595,-1861.28,5372.66,1.1525E-05
17,11,5s 7s,3S1,5p2,3P2,E2,6.59602,-0.44568535,-0.45291557,-1586.85,6301.80,1.6343E-05
17,11,5s 7s,3S1,5p2,3P2,M1,-0.01810,-0.44568535,-0.45291557,-1586.85,6301.80,1.1773E-05
17,11,5s 7s,3S1,5p2,3P2,M3,124.18466,-0.44568535,-0.45291557,-1586.85,6301.80,5.4522E-18
17,12,5s 7s,3S1,4d2,1D2,E2,2.63665,-0.44568535,-0.44726901,-347.57,28771.04,1.3165E-09
17,12,5s 7s,3S1,4d2,1D2,M1,0.00246,-0.44568535,-0.44726901,-347.57,28771.04,2.2803E-09
17,12,5s 7s,3S1,4d2,1D2,M3,628.23958,-0.44568535,-0.44726901,-347.57,28771.04,3.3748E-21
17,13,5s 7s,3S1,5s 7s,3S1,E2,-0.05212,-0.44568535,-0.44568536,-0.00,9863103120.18,1.0863E-40
17,13,5s 7s,3S1,5s 7s,3S1,M1,4.89814,-0.44568535,-0.44568536,-0.00,9863103120.18,2.2482E-19
17,14,5s 7s,3S1,4d2,3F2,E2,-0.34189,-0.44568535,-0.44230201,742.56,13466.98,5.9107E-10
17,14,5s 7s,3S1,4d2,3F2,M1,0.00008,-0.44568535,-0.44230201,742.56,13466.98,1.3806E-11
17,14,5s 7s,3S1,4d2,3F2,M3,43.68976,-0.44568535,-0.44230201,742.56,13466.98,1.9893E-21
17,15,5s 7s,3S1,4d2,3F3,E2,-0.54270,-0.44568535,-0.44192522,825.25,12117.48,1.8037E-09
17,15,5s 7s,3S1,4d2,3F3,M3,-3.20826,-0.44568535,-0.44192522,825.25,12117.48,1.6046E-23
17,16,5s 7s,3S1,4d2,3F4,M3,-1.21365,-0.44568535,-0.44140473,939.49,10644.10,4.4258E-24
17,17,5s 7s,3S1,5s 7d,3D1,E2,-361.89479,-0.44568535,-0.43536260,2265.58,4413.88,2.9184E-01
17,17,5s 7s,3S1,5s 7d,3D1,M1,-0.00012,-0.44568535,-0.43536260,2265.58,4413.88,1.3930E-09
17,18,5s 7s,3S1,5s 7d,3D2,E2,460.39717,-0.44568535,-0.43533802,2270.98,4403.39,2.8679E-01
17,18,5s 7s,3S1,5s 7d,3D2,M1,-0.00009,-0.44568535,-0.43533802,2270.98,4403.39,5.6282E-10
17,18,5s 7s,3S1,5s 7d,3D2,M3,1367.24167,-0.44568535,-0.43533802,2270.98,4403.39,4.8755E-15
17,19,5s 7s,3S1,5s 7d,3D3,E2,-552.59682,-0.44568535,-0.43528439,2282.75,4380.69,3.0284E-01
17,19,5s 7s,3S1,5s 7d,3D3,M3,-2471.58405,-0.44568535,-0.43528439,2282.75,4380.69,1.1800E-14
17,20,5s 7s,3S1,5s 7d,1D2,E2,79.26574,-0.44568535,-0.43508660,2326.16,4298.94,9.5851E-03
17,20,5s 7s,3S1,5s 7d,1D2,M1,-0.00010,-0.44568535,-0.43508660,2326.16,4298.94,7.0106E-10
17,20,5s 7s,3S1,5s 7d,1D2,M3,2346.86541,-0.44568535,-0.43508660,2326.16,4298.94,1.6994E-14
17,21,5s 7s,3S1,5s 9s,3S1,E2,-0.01466,-0.44568535,-0.43048108,3336.95,2996.75,3.3201E-09
17,21,5s 7s,3S1,5s 9s,3S1,M1,-0.00251,-0.44568535,-0.43048108,3336.95,2996.75,2.1110E-06
17,22,5s 7s,3S1,4d2,1G4,M3,-0.20013,-0.44568535,-0.42894029,3675.12,2721.00,1.6869E-21
17,23,5s 7s,3S1,5s 6g,3G3,E2,0.04657,-0.44568535,-0.42708575,4082.14,2449.69,3.9333E-08
17,23,5s 7s,3S1,5s 6g,3G3,M3,1.20373,-0.44568535,-0.42708575,4082.14,2449.69,1.6368E-19
17,24,5s 7s,3S1,5s 6g,1G4,M3,1.35374,-0.44568535,-0.42708467,4082.38,2449.55,1.6107E-19
18,1,4d2,3F2,5s 4d,3D1,E2,22.43828,-0.44230201,-0.53360755,-20039.25,499.02,3.6443E+01
18,1,4d2,3F2,5s 4d,3D1,M1,-0.00079,-0.44230201,-0.53360755,-20039.25,499.02,2.6928E-05
18,1,4d2,3F2,5s 4d,3D1,M3,-25.21872,-0.44230201,-0.53360755,-20039.25,499.02,6.9096E-12
18,2,4d2,3F2,5s 4d,3D2,E2,-18.84597,-0.44230201,-0.53332056,-19976.26,500.59,2.5307E+01
18,2,4d2,3F2,5s 4d,3D2,M1,0.00097,-0.44230201,-0.53332056,-19976.26,500.59,4.0341E-05
18,2,4d2,3F2,5s 4d,3D2,M3,61.65010,-0.44230201,-0.53332056,-19976.26,500.59,4.0393E-11
18,3,4d2,3F2,5s 4d,3D3,E2,-5.83325,-0.44230201,-0.53284867,-19872.70,503.20,2.3623E+00
18,3,4d2,3F2,5s 4d,3D3,M1,0.00006,-0.44230201,-0.53284867,-19872.70,503.20,1.6921E-07
18,3,4d2,3F2,5s 4d,3D3,M3,49.35679,-0.44230201,-0.53284867,-19872.70,503.20,2.4965E-11
18,4,4d2,3F2,5s 4d,1D2,E2,-2.22653,-0.44230201,-0.52389445,-17907.47,558.43,2.0448E-01
18,4,4d2,3F2,5s 4d,1D2,M1,0.00063,-0.44230201,-0.52389445,-17907.47,558.43,1.2289E-05
18,4,4d2,3F2,5s 4d,1D2,M3,-22.64124,-0.44230201,-0.52389445,-17907.47,558.43,2.5344E-12
18,5,4d2,3F2,5s 6s,3S1,E2,-0.08731,-0.44230201,-0.48389196,-9127.94,1095.54,1.0820E-05
18,5,4d2,3F2,5s 6s,3S1,M1,0.00004,-0.44230201,-0.48389196,-9127.94,1095.54,5.8707E-09
18,5,4d2,3F2,5s 6s,3S1,M3,12.14875,-0.44230201,-0.48389196,-9127.94,1095.54,6.5240E-15
18,6,4d2,3F2,5s 5d,1D2,E2,4.51101,-0.44230201,-0.45778148,-3397.35,2943.47,2.0629E-04
18,6,4d2,3F2,5s 5d,1D2,M1,-0.01128,-0.44230201,-0.45778148,-3397.35,2943.47,2.6892E-05
18,6,4d2,3F2,5s 5d,1D2,M3,23.98447,-0.44230201,-0.45778148,-3397.35,2943.47,2.5158E-17
18,7,4d2,3F2,5s 5d,3D1,E2,2.12052,-0.44230201,-0.45662477,-3143.48,3181.19,3.0915E-05
18,7,4d2,3F2,5s 5d,3D1,M1,-0.00030,-0.44230201,-0.45662477,-3143.48,3181.19,1.5193E-08
18,7,4d2,3F2,5s 5d,3D1,M3,1.56902,-0.44230201,-0.45662477,-3143.48,3181.19,6.2513E-20
18,8,4d2,3F2,5s 5d,3D2,E2,1.90891,-0.44230201,-0.45655552,-3128.28,3196.64,2.4453E-05
18,8,4d2,3F2,5s 5d,3D2,M1,-0.00146,-0.44230201,-0.45655552,-3128.28,3196.64,3.4985E-07
18,8,4d2,3F2,5s 5d,3D2,M3,8.77963,-0.44230201,-0.45655552,-3128.28,3196.64,1.8921E-18
18,9,4d2,3F2,5s 5d,3D3,E2,0.50020,-0.44230201,-0.45645178,-3105.52,3220.08,1.6188E-06
18,9,4d2,3F2,5s 5d,3D3,M1,-0.00034,-0.44230201,-0.45645178,-3105.52,3220.08,1.8582E-08
18,9,4d2,3F2,5s 5d,3D3,M3,17.12430,-0.44230201,-0.45645178,-3105.52,3220.08,6.8392E-18
18,10,4d2,3F2,5p2,3P1,E2,11.04939,-0.44230201,-0.45416595,-2603.83,3840.49,3.2732E-04
18,10,4d2,3F2,5p2,3P1,M1,-0.00671,-0.44230201,-0.45416595,-2603.83,3840.49,4.2882E-06
18,10,4d2,3F2,5p2,3P1,M3,28.12689,-0.44230201,-0.45416595,-2603.83,3840.49,5.3750E-18
18,11,4d2,3F2,5p2,3P2,E2,5.18138,-0.44230201,-0.45291557,-2329.41,4292.94,4.1243E-05
18,11,4d2,3F2,5p2,3P2,M1,-0.00699,-0.44230201,-0.45291557,-2329.41,4292.94,3.3283E-06
18,11,4d2,3F2,5p2,3P2,M3,20.27906,-0.44230201,-0.45291557,-2329.41,4292.94,1.2813E-18
18,12,4d2,3F2,4d2,1D2,E2,3.64605,-0.44230201,-0.44726901,-1090.13,9173.22,4.5842E-07
18,12,4d2,3F2,4d2,1D2,M1,0.09678,-0.44230201,-0.44726901,-1090.13,9173.22,6.5461E-05
18,12,4d2,3F2,4d2,1D2,M3,-7.12755,-0.44230201,-0.44726901,-1090.13,9173.22,7.7816E-22
18,13,4d2,3F2,5s 7s,3S1,E2,0.33750,-0.44230201,-0.44568536,-742.56,13466.94,5.7602E-10
18,13,4d2,3F2,5s 7s,3S1,M1,-0.00008,-0.44230201,-0.44568536,-742.56,13466.94,1.3824E-11
18,13,4d2,3F2,5s 7s,3S1,M3,-43.84562,-0.44230201,-0.44568536,-742.56,13466.94,2.0036E-21
18,14,4d2,3F2,4d2,3F2,E2,9.03368,-0.44230201,-0.44230201,-0.00,9204061338.90,2.7673E-36
18,14,4d2,3F2,4d2,3F2,M1,3.65676,-0.44230201,-0.44230201,-0.00,9204061338.90,9.2517E-20
18,14,4d2,3F2,4d2,3F2,M3,-50.23105,-0.44230201,-0.44230201,-0.00,9204061338.90,3.7751E-62
18,15,4d2,3F2,4d2,3F3,E2,-5.56253,-0.44230201,-0.44192522,82.70,120924.56,1.9146E-12
18,15,4d2,3F2,4d2,3F3,M1,2.57804,-0.44230201,-0.44192522,82.70,120924.56,1.4484E-05
18,15,4d2,3F2,4d2,3F3,M3,70.29101,-0.44230201,-0.44192522,82.70,120924.56,7.8146E-28
18,16,4d2,3F2,4d2,3F4,E2,1.03652,-0.44230201,-0.44140473,196.93,50779.61,3.9597E-12
18,16,4d2,3F2,4d2,3F4,M3,-35.72725,-0.44230201,-0.44140473,196.93,50779.61,6.8193E-26
18,17,4d2,3F2,5s 7d,3D1,E2,-2.69927,-0.44230201,-0.43536260,1523.02,6565.88,2.2290E-06
18,17,4d2,3F2,5s 7d,3D1,M1,-0.00076,-0.44230201,-0.43536260,1523.02,6565.88,1.8452E-08
18,17,4d2,3F2,5s 7d,3D1,M3,12.26580,-0.44230201,-0.43536260,1523.02,6565.88,3.9905E-20
18,18,4d2,3F2,5s 7d,3D2,E2,-4.39558,-0.44230201,-0.43533802,1528.42,6542.71,3.6097E-06
18,18,4d2,3F2,5s 7d,3D2,M1,-0.00414,-0.44230201,-0.43533802,1528.42,6542.71,3.2958E-07
18,18,4d2,3F2,5s 7d,3D2,M3,29.50660,-0.44230201,-0.43533802,1528.42,6542.71,1.4203E-19
18,19,4d2,3F2,5s 7d,3D3,E2,-0.81229,-0.44230201,-0.43528439,1540.19,6492.71,9.1494E-08
18,19,4d2,3F2,5s 7d,3D3,M1,-0.00057,-0.44230201,-0.43528439,1540.19,6492.71,4.5050E-09
18,19,4d2,3F2,5s 7d,3D3,M3,51.79245,-0.44230201,-0.43528439,1540.19,6492.71,3.2981E-19
18,20,4d2,3F2,5s 7d,1D2,E2,11.22889,-0.44230201,-0.43508660,1583.60,6314.73,2.8127E-05
18,20,4d2,3F2,5s 7d,1D2,M1,0.01652,-0.44230201,-0.43508660,1583.60,6314.73,5.8474E-06
18,20,4d2,3F2,5s 7d,1D2,M3,42.45635,-0.44230201,-0.43508660,1583.60,6314.73,3.7691E-19
18,21,4d2,3F2,5s 9s,3S1,E2,0.02387,-0.44230201,-0.43048108,2594.39,3854.46,2.4995E-09
18,21,4d2,3F2,5s 9s,3S1,M1,0.00002,-0.44230201,-0.43048108,2594.39,3854.46,7.0220E-11
18,21,4d2,3F2,5s 9s,3S1,M3,-23.47716,-0.44230201,-0.43048108,2594.39,3854.46,6.0846E-18
18,22,4d2,3F2,4d2,1G4,E2,-1.96124,-0.44230201,-0.42894029,2932.56,3409.99,1.0381E-05
18,22,4d2,3F2,4d2,1G4,M3,-113.49370,-0.44230201,-0.42894029,2932.56,3409.99,1.1175E-16
18,23,4d2,3F2,5s 6g,3G3,E2,0.09640,-0.44230201,-0.42708575,3339.58,2994.39,6.1755E-08
18,23,4d2,3F2,5s 6g,3G3,M1,-0.00005,-0.44230201,-0.42708575,3339.58,2994.39,3.7091E-10
18,23,4d2,3F2,5s 6g,3G3,M3,7.85019,-0.44230201,-0.42708575,3339.58,2994.39,1.7073E-18
18,24,4d2,3F2,5s 6g,1G4,E2,-2.53865,-0.44230201,-0.42708467,3339.82,2994.17,3.3326E-05
18,24,4d2,3F2,5s 6g,1G4,M3,-35.97768,-0.44230201,-0.42708467,3339.82,2994.17,2.7906E-17
19,1,4d2,3F3,5s 4d,3D1,E2,-15.98799,-0.44192521,-0.53360755,-20121.95,496.97,1.3491E+01
19,1,4d2,3F3,5s 4d,3D1,M3,90.43145,-0.44192521,-0.53360755,-20121.95,496.97,6.5319E-11
19,2,4d2,3F3,5s 4d,3D2,E2,-25.11023,-0.44192521,-0.53332056,-20058.96,498.53,3.2760E+01
19,2,4d2,3F3,5s 4d,3D2,M1,-0.00011,-0.44192521,-0.53332056,-20058.96,498.53,3.7961E-07
19,2,4d2,3F3,5s 4d,3D2,M3,-97.66683,-0.44192521,-0.53332056,-20058.96,498.53,7.4536E-11
19,3,4d2,3F3,5s 4d,3D3,E2,-19.28697,-0.44192521,-0.53284867,-19955.39,501.12,1.8833E+01
19,3,4d2,3F3,5s 4d,3D3,M1,0.00085,-0.44192521,-0.53284867,-19955.39,501.12,2.2044E-05
19,3,4d2,3F3,5s 4d,3D3,M3,-0.02029,-0.44192521,-0.53284867,-19955.39,501.12,3.1033E-18
19,4,4d2,3F3,5s 4d,1D2,E2,-0.94057,-0.44192521,-0.52389445,-17990.17,555.86,2.6672E-02
19,4,4d2,3F3,5s 4d,1D2,M1,-0.00089,-0.44192521,-0.52389445,-17990.17,555.86,1.7941E-05
19,4,4d2,3F3,5s 4d,1D2,M3,79.71531,-0.44192521,-0.52389445,-17990.17,555.86,2.3176E-11
19,5,4d2,3F3,5s 6s,3S1,E2,-0.13590,-0.44192521,-0.48389196,-9210.64,1085.70,1.9588E-05
19,5,4d2,3F3,5s 6s,3S1,M3,0.85233,-0.44192521,-0.48389196,-9210.64,1085.70,2.4432E-17
19,6,4d2,3F3,5s 5d,1D2,E2,-0.85516,-0.44192521,-0.45778148,-3480.05,2873.52,5.9720E-06
19,6,4d2,3F3,5s 5d,1D2,M1,0.01684,-0.44192521,-0.45778148,-3480.05,2873.52,4.6049E-05
19,6,4d2,3F3,5s 5d,1D2,M3,-34.43387,-0.44192521,-0.45778148,-3480.05,2873.52,4.3831E-17
19,7,4d2,3F3,5s 5d,3D1,E2,-2.20485,-0.44192521,-0.45662477,-3226.18,3099.64,2.7183E-05
19,7,4d2,3F3,5s 5d,3D1,M3,6.80731,-0.44192521,-0.45662477,-3226.18,3099.64,1.0080E-18
19,8,4d2,3F3,5s 5d,3D2,E2,2.35806,-0.44192521,-0.45655552,-3210.98,3114.31,3.0367E-05
19,8,4d2,3F3,5s 5d,3D2,M1,0.00156,-0.44192521,-0.45655552,-3210.98,3114.31,3.1069E-07
19,8,4d2,3F3,5s 5d,3D2,M3,6.94991,-0.44192521,-0.45655552,-3210.98,3114.31,1.0166E-18
19,9,4d2,3F3,5s 5d,3D3,E2,1.75975,-0.44192521,-0.45645178,-3188.21,3136.55,1.6321E-05
19,9,4d2,3F3,5s 5d,3D3,M1,-0.00075,-0.44192521,-0.45645178,-3188.21,3136.55,6.9437E-08
19,9,4d2,3F3,5s 5d,3D3,M3,-0.25771,-0.44192521,-0.45645178,-3188.21,3136.55,1.3299E-21
19,10,4d2,3F3,5p2,3P1,E2,15.55768,-0.44192521,-0.45416595,-2686.53,3722.27,5.4194E-04
19,10,4d2,3F3,5p2,3P1,M3,66.34501,-0.44192521,-0.45416595,-2686.53,3722.27,2.6587E-17
19,11,4d2,3F3,5p2,3P2,E2,11.33132,-0.44192521,-0.45291557,-2412.10,4145.76,1.6774E-04
19,11,4d2,3F3,5p2,3P2,M1,-0.00645,-0.44192521,-0.45291557,-2412.10,4145.76,2.2513E-06
19,11,4d2,3F3,5p2,3P2,M3,66.23654,-0.44192521,-0.45291557,-2412.10,4145.76,1.2465E-17
19,12,4d2,3F3,4d2,1D2,E2,-1.18297,-0.44192521,-0.44726901,-1172.83,8526.41,4.9684E-08
19,12,4d2,3F3,4d2,1D2,M1,-0.13499,-0.44192521,-0.44726901,-1172.83,8526.41,1.1328E-04
19,12,4d2,3F3,4d2,1D2,M3,40.94332,-0.44192521,-0.44726901,-1172.83,8526.41,3.0600E-20
19,13,4d2,3F3,5s 7s,3S1,E2,0.54278,-0.44192521,-0.44568536,-825.26,12117.45,1.8042E-09
19,13,4d2,3F3,5s 7s,3S1,M3,3.20752,-0.44192521,-0.44568536,-825.26,12117.45,1.6039E-23
19,14,4d2,3F3,4d2,3F2,E2,-5.56236,-0.44192521,-0.44230201,-82.70,120921.33,1.9147E-12
19,14,4d2,3F3,4d2,3F2,M1,2.57804,-0.44192521,-0.44230201,-82.70,120921.33,1.4485E-05
19,14,4d2,3F3,4d2,3F2,M3,70.29218,-0.44192521,-0.44230201,-82.70,120921.33,7.8164E-28
19,15,4d2,3F3,4d2,3F3,E2,-9.54607,-0.44192521,-0.44192522,-0.00,8883061428.38,2.6359E-36
19,15,4d2,3F3,4d2,3F3,M1,-9.92842,-0.44192521,-0.44192522,-0.00,8883061428.38,5.4189E-19
19,15,4d2,3F3,4d2,3F3,M3,1.98522,-0.44192521,-0.44192522,-0.00,8883061428.38,5.4000E-65
19,16,4d2,3F3,4d2,3F4,E2,5.53745,-0.44192521,-0.44140473,114.23,87541.03,7.4219E-12
19,16,4d2,3F3,4d2,3F4,M1,-2.59728,-0.44192521,-0.44140473,114.23,87541.03,3.0137E-05
19,16,4d2,3F3,4d2,3F4,M3,-57.47858,-0.44192521,-0.44140473,114.23,87541.03,3.9003E-27
19,17,4d2,3F3,5s 7d,3D1,E2,1.85504,-0.44192521,-0.43536260,1440.33,6942.87,7.9632E-07
19,17,4d2,3F3,5s 7d,3D1,M3,-10.72725,-0.44192521,-0.43536260,1440.33,6942.87,2.0649E-20
19,18,4d2,3F3,5s 7d,3D2,E2,-2.92006,-0.44192521,-0.43533802,1445.72,6916.96,1.2062E-06
19,18,4d2,3F3,5s 7d,3D2,M1,0.00434,-0.44192521,-0.43533802,1445.72,6916.96,3.0692E-07
19,18,4d2,3F3,5s 7d,3D2,M3,-11.40584,-0.44192521,-0.43533802,1445.72,6916.96,1.4378E-20
19,19,4d2,3F3,5s 7d,3D3,E2,-2.57606,-0.44192521,-0.43528439,1457.49,6861.10,6.9830E-07
19,19,4d2,3F3,5s 7d,3D3,M1,-0.00121,-0.44192521,-0.43528439,1457.49,6861.10,1.7582E-08
19,19,4d2,3F3,5s 7d,3D3,M3,-2.94283,-0.44192521,-0.43528439,1457.49,6861.10,7.2358E-22
19,20,4d2,3F3,5s 7d,1D2,E2,-0.23046,-0.44192521,-0.43508660,1500.90,6662.66,9.0612E-09
19,20,4d2,3F3,5s 7d,1D2,M1,-0.02327,-0.44192521,-0.43508660,1500.90,6662.66,9.8788E-06
19,20,4d2,3F3,5s 7d,1D2,M3,-1.39116,-0.44192521,-0.43508660,1500.90,6662.66,2.7801E-22
19,21,4d2,3F3,5s 9s,3S1,E2,0.07742,-0.44192521,-0.43048108,2511.70,3981.37,2.2369E-08
19,21,4d2,3F3,5s 9s,3S1,M3,-0.30492,-0.44192521,-0.43048108,2511.70,3981.37,8.1814E-22
19,22,4d2,3F3,4d2,1G4,E2,0.77005,-0.44192521,-0.42894029,2849.86,3508.94,1.3871E-06
19,22,4d2,3F3,4d2,1G4,M1,-0.05827,-0.44192521,-0.42894029,2849.86,3508.94,2.3555E-04
19,22,4d2,3F3,4d2,1G4,M3,144.96426,-0.44192521,-0.42894029,2849.86,3508.94,1.4923E-16
19,23,4d2,3F3,5s 6g,3G3,E2,-0.04513,-0.44192521,-0.42708575,3256.89,3070.42,1.1941E-08
19,23,4d2,3F3,5s 6g,3G3,M1,0.00008,-0.44192521,-0.42708575,3256.89,3070.42,8.1817E-10
19,23,4d2,3F3,5s 6g,3G3,M3,-0.29098,-0.44192521,-0.42708575,3256.89,3070.42,1.9682E-21
19,24,4d2,3F3,5s 6g,1G4,E2,-0.16043,-0.44192521,-0.42708467,3257.12,3070.20,1.1741E-07
19,24,4d2,3F3,5s 6g,1G4,M1,0.00054,-0.44192521,-0.42708467,3257.12,3070.20,3.0181E-08
19,24,4d2,3F3,5s 6g,1G4,M3,-2.62277,-0.44192521,-0.42708467,3257.12,3070.20,1.2443E-19
20,1,4d2,3F4,5s 4d,3D1,M3,-64.45382,-0.44140475,-0.53360755,-20236.18,494.16,2.6851E-11
20,2,4d2,3F4,5s 4d,3D2,E2,16.59152,-0.44140475,-0.53332056,-20173.19,495.71,1.1445E+01
20,2,4d2,3F4,5s 4d,3D2,M3,-48.58128,-0.44140475,-0.53332056,-20173.19,495.71,1.4925E-11
20,3,4d2,3F4,5s 4d,3D3,E2,-36.68187,-0.44140475,-0.53284867,-20069.62,498.27,5.4520E+01
20,3,4d2,3F4,5s 4d,3D3,M1,-0.00084,-0.44140475,-0.53284867,-20069.62,498.27,1.7203E-05
20,3,4d2,3F4,5s 4d,3D3,M3,-154.20575,-0.44140475,-0.53284867,-20069.62,498.27,1.4506E-10
20,4,4d2,3F4,5s 4d,1D2,E2,-0.25540,-0.44140475,-0.52389445,-18104.40,552.35,1.5788E-03
20,4,4d2,3F4,5s 4d,1D2,M3,-160.60798,-0.44140475,-0.52389445,-18104.40,552.35,7.6487E-11
20,5,4d2,3F4,5s 6s,3S1,M3,1.55512,-0.44140475,-0.48389196,-9324.86,1072.40,6.8959E-17
20,6,4d2,3F4,5s 5d,1D2,E2,-0.90447,-0.44140475,-0.45778148,-3594.28,2782.20,6.1066E-06
20,6,4d2,3F4,5s 5d,1D2,M3,52.81869,-0.44140475,-0.45778148,-3594.28,2782.20,1.0056E-16
20,7,4d2,3F4,5s 5d,3D1,M3,-6.75036,-0.44140475,-0.45662477,-3340.41,2993.65,9.8360E-19
20,8,4d2,3F4,5s 5d,3D2,E2,-2.44272,-0.44140475,-0.45655552,-3325.21,3007.33,3.0185E-05
20,8,4d2,3F4,5s 5d,3D2,M3,4.44266,-0.44140475,-0.45655552,-3325.21,3007.33,4.1265E-19
20,9,4d2,3F4,5s 5d,3D3,E2,3.72595,-0.44140475,-0.45645178,-3302.44,3028.06,6.7859E-05
20,9,4d2,3F4,5s 5d,3D3,M1,0.00085,-0.44140475,-0.45645178,-3302.44,3028.06,7.8475E-08
20,9,4d2,3F4,5s 5d,3D3,M3,16.53657,-0.44140475,-0.45645178,-3302.44,3028.06,5.4488E-18
20,10,4d2,3F4,5p2,3P1,M3,20.66767,-0.44140475,-0.45416595,-2800.76,3570.46,2.6858E-18
20,11,4d2,3F4,5p2,3P2,E2,21.91366,-0.44140475,-0.45291557,-2526.33,3958.31,6.1495E-04
20,11,4d2,3F4,5p2,3P2,M3,119.97825,-0.44140475,-0.45291557,-2526.33,3958.31,4.3975E-17
20,12,4d2,3F4,4d2,1D2,E2,-2.63446,-0.44140475,-0.44726901,-1287.06,7769.67,3.0502E-07
20,12,4d2,3F4,4d2,1D2,M3,-113.79829,-0.44140475,-0.44726901,-1287.06,7769.67,3.5239E-19
20,13,4d2,3F4,5s 7s,3S1,M3,1.21442,-0.44140475,-0.44568536,-939.48,10644.13,4.4313E-24
20,14,4d2,3F4,4d2,3F2,E2,1.03672,-0.44140475,-0.44230201,-196.93,50780.33,3.9609E-12
20,14,4d2,3F4,4d2,3F2,M3,-35.71770,-0.44140475,-0.44230201,-196.93,50780.33,6.8150E-26
20,15,4d2,3F4,4d2,3F3,E2,5.53662,-0.44140475,-0.44192522,-114.23,87543.15,7.4188E-12
20,15,4d2,3F4,4d2,3F3,M1,-2.59728,-0.44140475,-0.44192522,-114.23,87543.15,3.0135E-05
20,15,4d2,3F4,4d2,3F3,M3,-57.46521,-0.44140475,-0.44192522,-114.23,87543.15,3.8978E-27
20,16,4d2,3F4,4d2,3F4,E2,12.85800,-0.44140475,-0.44140473,0.00,2568700852.23,1.8396E-33
20,16,4d2,3F4,4d2,3F4,M1,16.76790,-0.44140475,-0.44140473,0.00,2568700852.23,4.9718E-17
20,16,4d2,3F4,4d2,3F4,M3,1.25025,-0.44140475,-0.44140473,0.00,2568700852.23,9.8529E-62
20,17,4d2,3F4,5s 7d,3D1,M3,7.70500,-0.44140475,-0.43536260,1326.10,7540.92,5.9740E-21
20,18,4d2,3F4,5s 7d,3D2,E2,1.89475,-0.44140475,-0.43533802,1331.49,7510.36,3.3653E-07
20,18,4d2,3F4,5s 7d,3D2,M3,-6.72258,-0.44140475,-0.43533802,1331.49,7510.36,2.8073E-21
20,19,4d2,3F4,5s 7d,3D3,E2,-4.33976,-0.44140475,-0.43528439,1343.26,7444.56,1.3178E-06
20,19,4d2,3F4,5s 7d,3D3,M1,0.00137,-0.44140475,-0.43528439,1343.26,7444.56,1.7575E-08
20,19,4d2,3F4,5s 7d,3D3,M3,-18.51484,-0.44140475,-0.43528439,1343.26,7444.56,1.6176E-20
20,20,4d2,3F4,5s 7d,1D2,E2,0.19292,-0.44140475,-0.43508660,1386.67,7211.50,4.2744E-09
20,20,4d2,3F4,5s 7d,1D2,M3,1.79604,-0.44140475,-0.43508660,1386.67,7211.50,2.6625E-22
20,21,4d2,3F4,5s 9s,3S1,M3,-0.84613,-0.44140475,-0.43048108,2397.47,4171.06,4.5482E-21
20,22,4d2,3F4,4d2,1G4,E2,-1.27743,-0.44140475,-0.42894029,2735.63,3655.46,3.1111E-06
20,22,4d2,3F4,4d2,1G4,M1,0.07505,-0.44140475,-0.42894029,2735.63,3655.46,3.4564E-04
20,22,4d2,3F4,4d2,1G4,M3,-130.18428,-0.44140475,-0.42894029,2735.63,3655.46,9.0383E-17
20,23,4d2,3F4,5s 6g,3G3,E2,0.00318,-0.44140475,-0.42708575,3142.66,3182.02,4.9471E-11
20,23,4d2,3F4,5s 6g,3G3,M1,-0.00003,-0.44140475,-0.42708575,3142.66,3182.02,9.4673E-11
20,23,4d2,3F4,5s 6g,3G3,M3,0.20357,-0.44140475,-0.42708575,3142.66,3182.02,7.5030E-22
20,24,4d2,3F4,5s 6g,1G4,E2,-0.00110,-0.44140475,-0.42708467,3142.89,3181.78,4.5875E-12
20,24,4d2,3F4,5s 6g,1G4,M1,-0.00077,-0.44140475,-0.42708467,3142.89,3181.78,5.5158E-08
20,24,4d2,3F4,5s 6g,1G4,M3,1.29650,-0.44140475,-0.42708467,3142.89,3181.78,2.3682E-20
21,1,5s 8s,1S0,5s 4d,3D1,M1,-0.00007,-0.44054164,-0.53360755,-20425.61,489.58,1.1508E-06
21,2,5s 8s,1S0,5s 4d,3D2,E2,0.65659,-0.44054164,-0.53332056,-20362.62,491.10,1.6903E-01
21,3,5s 8s,1S0,5s 4d,3D3,M3,-56.30812,-0.44054164,-0.53284867,-20259.05,493.61,1.8590E-10
21,4,5s 8s,1S0,5s 4d,1D2,E2,6.70113,-0.44054164,-0.52389445,-18293.83,546.63,1.0304E+01
21,5,5s 8s,1S0,5s 6s,3S1,M1,-0.00064,-0.44054164,-0.48389196,-9514.30,1051.05,9.5135E-06
21,6,5s 8s,1S0,5s 5d,1D2,E2,84.37217,-0.44054164,-0.45778148,-3783.71,2642.91,6.1828E-01
21,7,5s 8s,1S0,5s 5d,3D1,M1,-0.00360,-0.44054164,-0.45662477,-3529.84,2832.99,1.5376E-05
21,8,5s 8s,1S0,5s 5d,3D2,E2,3.25975,-0.44054164,-0.45655552,-3514.64,2845.24,6.3822E-04
21,9,5s 8s,1S0,5s 5d,3D3,M3,442.66343,-0.44054164,-0.45645178,-3491.87,2863.79,5.1924E-14
21,10,5s 8s,1S0,5p2,3P1,M1,0.12187,-0.44054164,-0.45416595,-2990.19,3344.27,1.0712E-02
21,11,5s 8s,1S0,5p2,3P2,E2,12.59765,-0.44054164,-0.45291557,-2715.76,3682.21,2.6257E-03
21,12,5s 8s,1S0,4d2,1D2,E2,73.34115,-0.44054164,-0.44726901,-1476.49,6772.84,4.2271E-03
21,13,5s 8s,1S0,5s 7s,3S1,M1,0.00167,-0.44054164,-0.44568536,-1128.92,8858.06,1.0808E-07
21,14,5s 8s,1S0,4d2,3F2,E2,5.50091,-0.44054164,-0.44230201,-386.36,25882.76,2.9175E-08
21,15,5s 8s,1S0,4d2,3F3,M3,-0.47554,-0.44054164,-0.44192522,-303.66,32931.54,2.2537E-27
21,17,5s 8s,1S0,5s 7d,3D1,M1,-0.00031,-0.44054164,-0.43536260,1136.67,8797.65,1.2601E-09
21,18,5s 8s,1S0,5s 7d,3D2,E2,-73.74749,-0.44054164,-0.43533802,1142.06,8756.08,2.3669E-04
21,19,5s 8s,1S0,5s 7d,3D3,M3,2017.36915,-0.44054164,-0.43528439,1153.83,8666.77,6.6265E-17
21,20,5s 8s,1S0,5s 7d,1D2,E2,430.08101,-0.44054164,-0.43508660,1197.24,8352.53,1.0192E-02
21,21,5s 8s,1S0,5s 9s,3S1,M1,-0.00031,-0.44054164,-0.43048108,2208.04,4528.91,9.5548E-09
21,23,5s 8s,1S0,5s 6g,3G3,M3,1.04122,-0.44054164,-0.42708575,2953.23,3386.13,1.2702E-20
22,1,5s 7d,3D1,5s 4d,3D1,E2,3.65468,-0.43536260,-0.53360755,-21562.27,463.77,2.3241E+00
22,1,5s 7d,3D1,5s 4d,3D1,M1,0.00001,-0.43536260,-0.53360755,-21562.27,463.77,1.2246E-08
22,2,5s 7d,3D1,5s 4d,3D2,E2,-4.64765,-0.43536260,-0.53332056,-21499.29,465.13,3.7039E+00
22,2,5s 7d,3D1,5s 4d,3D2,M1,0.00189,-0.43536260,-0.53332056,-21499.29,465.13,3.2085E-04
22,2,5s 7d,3D1,5s 4d,3D2,M3,-1.64059,-0.43536260,-0.53332056,-21499.29,465.13,7.9736E-14
22,3,5s 7d,3D1,5s 4d,3D3,E2,-1.54245,-0.43536260,-0.53284867,-21395.72,467.38,3.9823E-01
22,3,5s 7d,3D1,5s 4d,3D3,M3,4.06533,-0.43536260,-0.53284867,-21395.72,467.38,4.7334E-13
22,4,5s 7d,3D1,5s 4d,1D2,E2,-0.25946,-0.43536260,-0.52389445,-19430.49,514.65,6.9603E-03
22,4,5s 7d,3D1,5s 4d,1D2,M1,0.00355,-0.43536260,-0.52389445,-19430.49,514.65,8.2991E-04
22,4,5s 7d,3D1,5s 4d,1D2,M3,5.29984,-0.43536260,-0.52389445,-19430.49,514.65,4.0983E-13
22,5,5s 7d,3D1,5s 6s,3S1,E2,16.70338,-0.43536260,-0.48389196,-10650.96,938.88,1.4277E+00
22,5,5s 7d,3D1,5s 6s,3S1,M1,0.00001,-0.43536260,-0.48389196,-10650.96,938.88,2.0522E-09
22,6,5s 7d,3D1,5s 5d,1D2,E2,-2.98412,-0.43536260,-0.45778148,-4920.38,2032.37,9.5874E-04
22,6,5s 7d,3D1,5s 5d,1D2,M1,-0.00307,-0.43536260,-0.45778148,-4920.38,2032.37,1.0084E-05
22,6,5s 7d,3D1,5s 5d,1D2,M3,-90.55679,-0.43536260,-0.45778148,-4920.38,2032.37,7.9895E-15
22,7,5s 7d,3D1,5s 5d,3D1,E2,65.29525,-0.43536260,-0.45662477,-4666.51,2142.93,3.5221E-01
22,7,5s 7d,3D1,5s 5d,3D1,M1,0.00019,-0.43536260,-0.45662477,-4666.51,2142.93,3.2501E-08
22,8,5s 7d,3D1,5s 5d,3D2,E2,84.89806,-0.43536260,-0.45655552,-4651.31,2149.93,5.8580E-01
22,8,5s 7d,3D1,5s 5d,3D2,M1,-0.00457,-0.43536260,-0.45655552,-4651.31,2149.93,1.8932E-05
22,8,5s 7d,3D1,5s 5d,3D2,M3,41.47874,-0.43536260,-0.45655552,-4651.31,2149.93,1.1307E-15
22,9,5s 7d,3D1,5s 5d,3D3,E2,29.04317,-0.43536260,-0.45645178,-4628.54,2160.51,6.6894E-02
22,9,5s 7d,3D1,5s 5d,3D3,M3,-65.37979,-0.43536260,-0.45645178,-4628.54,2160.51,2.7145E-15
22,10,5s 7d,3D1,5p2,3P1,E2,6.39510,-0.43536260,-0.45416595,-4126.86,2423.15,1.8276E-03
22,10,5s 7d,3D1,5p2,3P1,M1,-0.00652,-0.43536260,-0.45416595,-4126.86,2423.15,2.6862E-05
22,11,5s 7d,3D1,5p2,3P2,E2,4.36692,-0.43536260,-0.45291557,-3852.43,2595.76,6.0409E-04
22,11,5s 7d,3D1,5p2,3P2,M1,-0.00518,-0.43536260,-0.45291557,-3852.43,2595.76,1.3799E-05
22,11,5s 7d,3D1,5p2,3P2,M3,-17.28974,-0.43536260,-0.45291557,-3852.43,2595.76,5.2530E-17
22,12,5s 7d,3D1,4d2,1D2,E2,1.45375,-0.43536260,-0.44726901,-2613.15,3826.79,9.6135E-06
22,12,5s 7d,3D1,4d2,1D2,M1,-0.00823,-0.43536260,-0.44726901,-2613.15,3826.79,1.0866E-05
22,12,5s 7d,3D1,4d2,1D2,M3,-113.41433,-0.43536260,-0.44726901,-2613.15,3826.79,1.4934E-16
22,13,5s 7d,3D1,5s 7s,3S1,E2,-362.11279,-0.43536260,-0.44568536,-2265.58,4413.87,2.9219E-01
22,13,5s 7d,3D1,5s 7s,3S1,M1,-0.00012,-0.43536260,-0.44568536,-2265.58,4413.87,1.3936E-09
22,14,5s 7d,3D1,4d2,3F2,E2,2.69542,-0.43536260,-0.44230201,-1523.03,6565.88,2.2226E-06
22,14,5s 7d,3D1,4d2,3F2,M1,0.00078,-0.43536260,-0.44230201,-1523.03,6565.88,1.9463E-08
22,14,5s 7d,3D1,4d2,3F2,M3,-12.23070,-0.43536260,-0.44230201,-1523.03,6565.88,3.9677E-20
22,15,5s 7d,3D1,4d2,3F3,E2,-1.85520,-0.43536260,-0.44192522,-1440.33,6942.86,7.9646E-07
22,15,5s 7d,3D1,4d2,3F3,M3,10.73064,-0.43536260,-0.44192522,-1440.33,6942.86,2.0662E-20
22,16,5s 7d,3D1,4d2,3F4,M3,-7.67851,-0.43536260,-0.44140473,-1326.09,7540.94,5.9329E-21
22,17,5s 7d,3D1,5s 7d,3D1,E2,345.16855,-0.43536260,-0.43536260,-0.00,97092579622.74,5.1548E-38
22,17,5s 7d,3D1,5s 7d,3D1,M1,1.22487,-0.43536260,-0.43536260,-0.00,97092579622.74,1.4738E-23
22,18,5s 7d,3D1,5s 7d,3D2,E2,439.52908,-0.43536260,-0.43533802,5.40,1853420.42,1.9785E-14
22,18,5s 7d,3D1,5s 7d,3D2,M1,-2.09028,-0.43536260,-0.43533802,5.40,1853420.42,3.7022E-09
22,18,5s 7d,3D1,5s 7d,3D2,M3,332.48576,-0.43536260,-0.43533802,5.40,1853420.42,1.2319E-34
22,19,5s 7d,3D1,5s 7d,3D3,E2,151.17027,-0.43536260,-0.43528439,17.16,582594.90,5.4475E-13
22,19,5s 7d,3D1,5s 7d,3D3,M3,-337.39989,-0.43536260,-0.43528439,17.16,582594.90,2.9884E-31
22,20,5s 7d,3D1,5s 7d,1D2,E2,76.59711,-0.43536260,-0.43508660,60.57,165085.29,1.0718E-10
22,20,5s 7d,3D1,5s 7d,1D2,M1,-0.36029,-0.43536260,-0.43508660,60.57,165085.29,1.5565E-07
22,20,5s 7d,3D1,5s 7d,1D2,M3,-524.79721,-0.43536260,-0.43508660,60.57,165085.29,6.9002E-27
22,21,5s 7d,3D1,5s 9s,3S1,E2,-450.60505,-0.43536260,-0.43048108,1071.37,9333.84,1.0700E-02
22,21,5s 7d,3D1,5s 9s,3S1,M1,-0.00006,-0.43536260,-0.43048108,1071.37,9333.84,3.7611E-11
22,22,5s 7d,3D1,4d2,1G4,M3,194.06855,-0.43536260,-0.42894029,1409.53,7094.54,1.9365E-18
22,23,5s 7d,3D1,5s 6g,3G3,E2,841.41599,-0.43536260,-0.42708575,1816.56,5504.91,2.2406E-01
22,23,5s 7d,3D1,5s 6g,3G3,M3,1410.98947,-0.43536260,-0.42708575,1816.56,5504.91,7.7715E-16
22,24,5s 7d,3D1,5s 6g,1G4,M3,2312.54246,-0.43536260,-0.42708467,1816.79,5504.20,1.6251E-15
23,1,5s 7d,3D2,5s 4d,3D1,E2,-4.59256,-0.43533799,-0.53360755,-21567.68,463.66,2.2047E+00
23,1,5s 7d,3D2,5s 4d,3D1,M1,-0.00163,-0.43533799,-0.53360755,-21567.68,463.66,1.4407E-04
23,1,5s 7d,3D2,5s 4d,3D1,M3,-3.08065,-0.43533799,-0.53360755,-21567.68,463.66,1.7248E-13
23,2,5s 7d,3D2,5s 4d,3D2,E2,-4.02944,-0.43533799,-0.53332056,-21504.69,465.01,1.6726E+00
23,2,5s 7d,3D2,5s 4d,3D2,M1,-0.00015,-0.43533799,-0.53332056,-21504.69,465.01,1.2096E-06
23,2,5s 7d,3D2,5s 4d,3D2,M3,-17.71620,-0.43533799,-0.53332056,-21504.69,465.01,5.5887E-12
23,3,5s 7d,3D2,5s 4d,3D3,E2,-4.86366,-0.43533799,-0.53284867,-21401.12,467.27,2.3787E+00
23,3,5s 7d,3D2,5s 4d,3D3,M1,0.00349,-0.43533799,-0.53284867,-21401.12,467.27,6.4547E-04
23,3,5s 7d,3D2,5s 4d,3D3,M3,-8.79529,-0.43533799,-0.53284867,-21401.12,467.27,1.3317E-12
23,4,5s 7d,3D2,5s 4d,1D2,E2,0.04935,-0.43533799,-0.52389445,-19435.90,514.51,1.5132E-04
23,4,5s 7d,3D2,5s 4d,1D2,M1,-0.00145,-0.43533799,-0.52389445,-19435.90,514.51,8.3790E-05
23,4,5s 7d,3D2,5s 4d,1D2,M3,-14.53715,-0.43533799,-0.52389445,-19435.90,514.51,1.8537E-12
23,5,5s 7d,3D2,5s 6s,3S1,E2,21.00541,-0.43533799,-0.48389196,-10656.36,938.41,1.3581E+00
23,5,5s 7d,3D2,5s 6s,3S1,M1,0.00005,-0.43533799,-0.48389196,-10656.36,938.41,1.7665E-08
23,5,5s 7d,3D2,5s 6s,3S1,M3,63.79287,-0.43533799,-0.48389196,-10656.36,938.41,5.3168E-13
23,6,5s 7d,3D2,5s 5d,1D2,E2,-20.82409,-0.43533799,-0.45778148,-4925.78,2030.14,2.8167E-02
23,6,5s 7d,3D2,5s 5d,1D2,M1,0.00192,-0.43533799,-0.45778148,-4925.78,2030.14,2.3870E-06
23,6,5s 7d,3D2,5s 5d,1D2,M3,210.42732,-0.43533799,-0.45778148,-4925.78,2030.14,2.6084E-14
23,7,5s 7d,3D2,5s 5d,3D1,E2,-83.12383,-0.43533799,-0.45662477,-4671.91,2140.45,3.4447E-01
23,7,5s 7d,3D2,5s 5d,3D1,M1,-0.00353,-0.43533799,-0.45662477,-4671.91,2140.45,6.8478E-06
23,7,5s 7d,3D2,5s 5d,3D1,M3,-61.44231,-0.43533799,-0.45662477,-4671.91,2140.45,1.5354E-15
23,8,5s 7d,3D2,5s 5d,3D2,E2,69.88420,-0.43533799,-0.45655552,-4656.71,2147.44,2.3954E-01
23,8,5s 7d,3D2,5s 5d,3D2,M1,0.00077,-0.43533799,-0.45655552,-4656.71,2147.44,3.2198E-07
23,8,5s 7d,3D2,5s 5d,3D2,M3,376.86265,-0.43533799,-0.45655552,-4656.71,2147.44,5.6462E-14
23,9,5s 7d,3D2,5s 5d,3D3,E2,90.34801,-0.43533799,-0.45645178,-4633.94,2157.99,3.9068E-01
23,9,5s 7d,3D2,5s 5d,3D3,M1,-0.00781,-0.43533799,-0.45645178,-4633.94,2157.99,3.2771E-05
23,9,5s 7d,3D2,5s 5d,3D3,M3,245.14476,-0.43533799,-0.45645178,-4633.94,2157.99,2.3085E-14
23,10,5s 7d,3D2,5p2,3P1,E2,0.96264,-0.43533799,-0.45416595,-4132.26,2419.98,2.5009E-05
23,10,5s 7d,3D2,5p2,3P1,M1,-0.00239,-0.43533799,-0.45416595,-4132.26,2419.98,2.1750E-06
23,10,5s 7d,3D2,5p2,3P1,M3,17.92889,-0.43533799,-0.45416595,-4132.26,2419.98,5.5368E-17
23,11,5s 7d,3D2,5p2,3P2,E2,1.15292,-0.43533799,-0.45291557,-3857.83,2592.13,2.5441E-05
23,11,5s 7d,3D2,5p2,3P2,M1,-0.00960,-0.43533799,-0.45291557,-3857.83,2592.13,2.8570E-05
23,11,5s 7d,3D2,5p2,3P2,M3,61.46206,-0.43533799,-0.45291557,-3857.83,2592.13,4.0221E-16
23,12,5s 7d,3D2,4d2,1D2,E2,-20.79925,-0.43533799,-0.44726901,-2618.56,3818.90,1.1930E-03
23,12,5s 7d,3D2,4d2,1D2,M1,0.00532,-0.43533799,-0.44726901,-2618.56,3818.90,2.7393E-06
23,12,5s 7d,3D2,4d2,1D2,M3,293.61346,-0.43533799,-0.44726901,-2618.56,3818.90,6.0929E-16
23,13,5s 7d,3D2,5s 7s,3S1,E2,-461.42043,-0.43533799,-0.44568536,-2270.98,4403.38,2.8807E-01
23,13,5s 7d,3D2,5s 7s,3S1,M1,0.00010,-0.43533799,-0.44568536,-2270.98,4403.38,5.7494E-10
23,13,5s 7d,3D2,5s 7s,3S1,M3,-1390.76098,-0.43533799,-0.44568536,-2270.98,4403.38,5.0448E-15
23,14,5s 7d,3D2,4d2,3F2,E2,-4.28243,-0.43533799,-0.44230201,-1528.43,6542.68,3.4263E-06
23,14,5s 7d,3D2,4d2,3F2,M1,-0.00398,-0.43533799,-0.44230201,-1528.43,6542.68,3.0588E-07
23,14,5s 7d,3D2,4d2,3F2,M3,29.80747,-0.43533799,-0.44230201,-1528.43,6542.68,1.4494E-19
23,15,5s 7d,3D2,4d2,3F3,E2,-2.92205,-0.43533799,-0.44192522,-1445.73,6916.92,1.2079E-06
23,15,5s 7d,3D2,4d2,3F3,M1,0.00411,-0.43533799,-0.44192522,-1445.73,6916.92,2.7591E-07
23,15,5s 7d,3D2,4d2,3F3,M3,-11.42014,-0.43533799,-0.44192522,-1445.73,6916.92,1.4414E-20
23,16,5s 7d,3D2,4d2,3F4,E2,1.90016,-0.43533799,-0.44140473,-1331.50,7510.35,3.3846E-07
23,16,5s 7d,3D2,4d2,3F4,M3,-6.71977,-0.43533799,-0.44140473,-1331.50,7510.35,2.8050E-21
23,17,5s 7d,3D2,5s 7d,3D1,E2,-440.24240,-0.43533799,-0.43536260,-5.40,1851460.28,1.9954E-14
23,17,5s 7d,3D2,5s 7d,3D1,M1,2.09367,-0.43533799,-0.43536260,-5.40,1851460.28,3.7260E-09
23,17,5s 7d,3D2,5s 7d,3D1,M3,-327.37465,-0.43533799,-0.43536260,-5.40,1851460.28,1.2032E-34
23,18,5s 7d,3D2,5s 7d,3D2,E2,386.68191,-0.43533799,-0.43533802,-0.01,1782807983.44,1.8596E-29
23,18,5s 7d,3D2,5s 7d,3D2,M1,6.36487,-0.43533799,-0.43533802,-0.01,1782807983.44,3.8569E-17
23,18,5s 7d,3D2,5s 7d,3D2,M3,1673.45094,-0.43533799,-0.43533802,-0.01,1782807983.44,4.0958E-54
23,19,5s 7d,3D2,5s 7d,3D3,E2,472.25636,-0.43533799,-0.43528439,11.76,850083.77,8.0380E-13
23,19,5s 7d,3D2,5s 7d,3D3,M1,-2.13210,-0.43533799,-0.43528439,11.76,850083.77,2.8515E-08
23,19,5s 7d,3D2,5s 7d,3D3,M3,1286.85576,-0.43533799,-0.43528439,11.76,850083.77,3.0870E-31
23,20,5s 7d,3D2,5s 7d,1D2,E2,-50.70773,-0.43533799,-0.43508660,55.17,181245.74,2.9447E-11
23,20,5s 7d,3D2,5s 7d,1D2,M1,0.20615,-0.43533799,-0.43508660,55.17,181245.74,3.8504E-08
23,20,5s 7d,3D2,5s 7d,1D2,M3,1759.04405,-0.43533799,-0.43508660,55.17,181245.74,4.0320E-26
23,21,5s 7d,3D2,5s 9s,3S1,E2,-576.11065,-0.43533799,-0.43048108,1065.97,9381.13,1.7053E-02
23,21,5s 7d,3D2,5s 9s,3S1,M1,0.00008,-0.43533799,-0.43048108,1065.97,9381.13,7.4459E-11
23,21,5s 7d,3D2,5s 9s,3S1,M3,-1738.19663,-0.43533799,-0.43048108,1065.97,9381.13,6.5933E-17
23,22,5s 7d,3D2,4d2,1G4,E2,7.65942,-0.43533799,-0.42894029,1404.13,7121.83,3.9846E-06
23,22,5s 7d,3D2,4d2,1G4,M3,-153.49350,-0.43533799,-0.42894029,1404.13,7121.83,1.1792E-18
23,23,5s 7d,3D2,5s 6g,3G3,E2,-438.27625,-0.43533799,-0.42708575,1811.16,5521.33,5.9893E-02
23,23,5s 7d,3D2,5s 6g,3G3,M1,-0.00004,-0.43533799,-0.42708575,1811.16,5521.33,4.1147E-11
23,23,5s 7d,3D2,5s 6g,3G3,M3,-1053.68920,-0.43533799,-0.42708575,1811.16,5521.33,4.2445E-16
23,24,5s 7d,3D2,5s 6g,1G4,E2,-940.88469,-0.43533799,-0.42708467,1811.39,5520.61,2.1483E-01
23,24,5s 7d,3D2,5s 6g,1G4,M3,-4575.95984,-0.43533799,-0.42708467,1811.39,5520.61,6.2319E-15
24,1,5s 7d,3D3,5s 4d,3D1,E2,1.56425,-0.43528439,-0.53360755,-21579.44,463.40,1.8320E-01
24,1,5s 7d,3D3,5s 4d,3D1,M3,-3.98334,-0.43528439,-0.53360755,-21579.44,463.40,2.0677E-13
24,2,5s 7d,3D3,5s 4d,3D2,E2,4.97734,-0.43528439,-0.53332056,-21516.45,464.76,1.8279E+00
24,2,5s 7d,3D3,5s 4d,3D2,M1,0.00331,-0.43528439,-0.53332056,-21516.45,464.76,4.1933E-04
24,2,5s 7d,3D3,5s 4d,3D2,M3,16.11049,-0.43528439,-0.53332056,-21516.45,464.76,3.3138E-12
24,3,5s 7d,3D3,5s 4d,3D3,E2,-7.80804,-0.43528439,-0.53284867,-21412.88,467.01,4.3910E+00
24,3,5s 7d,3D3,5s 4d,3D3,M1,-0.00011,-0.43528439,-0.53284867,-21412.88,467.01,4.8970E-07
24,3,5s 7d,3D3,5s 4d,3D3,M3,-53.97119,-0.43528439,-0.53284867,-21412.88,467.01,3.5955E-11
24,4,5s 7d,3D3,5s 4d,1D2,E2,0.26703,-0.43528439,-0.52389445,-19447.66,514.20,3.1736E-03
24,4,5s 7d,3D3,5s 4d,1D2,M1,-0.00330,-0.43528439,-0.52389445,-19447.66,514.20,3.0955E-04
24,4,5s 7d,3D3,5s 4d,1D2,M3,28.25675,-0.43528439,-0.52389445,-19447.66,514.20,5.0237E-12
24,5,5s 7d,3D3,5s 6s,3S1,E2,24.46501,-0.43528439,-0.48389196,-10668.13,937.37,1.3232E+00
24,5,5s 7d,3D3,5s 6s,3S1,M3,109.05454,-0.43528439,-0.48389196,-10668.13,937.37,1.1184E-12
24,6,5s 7d,3D3,5s 5d,1D2,E2,3.09713,-0.43528439,-0.45778148,-4937.54,2025.30,4.5037E-04
24,6,5s 7d,3D3,5s 5d,1D2,M1,0.00335,-0.43528439,-0.45778148,-4937.54,2025.30,5.1912E-06
24,6,5s 7d,3D3,5s 5d,1D2,M3,-420.65719,-0.43528439,-0.45778148,-4937.54,2025.30,7.5708E-14
24,7,5s 7d,3D3,5s 5d,3D1,E2,28.15520,-0.43528439,-0.45662477,-4683.67,2135.08,2.8586E-02
24,7,5s 7d,3D3,5s 5d,3D1,M3,-64.13333,-0.43528439,-0.45662477,-4683.67,2135.08,1.2161E-15
24,8,5s 7d,3D3,5s 5d,3D2,E2,-89.86783,-0.43528439,-0.45655552,-4668.47,2142.03,2.8654E-01
24,8,5s 7d,3D3,5s 5d,3D2,M1,-0.00707,-0.43528439,-0.45655552,-4668.47,2142.03,1.9595E-05
24,8,5s 7d,3D3,5s 5d,3D2,M3,-345.45461,-0.43528439,-0.45655552,-4668.47,2142.03,3.4492E-14
24,9,5s 7d,3D3,5s 5d,3D3,E2,140.80872,-0.43528439,-0.45645178,-4645.71,2152.53,6.8646E-01
24,9,5s 7d,3D3,5s 5d,3D3,M1,0.00008,-0.43528439,-0.45645178,-4645.71,2152.53,2.2340E-09
24,9,5s 7d,3D3,5s 5d,3D3,M3,1000.86825,-0.43528439,-0.45645178,-4645.71,2152.53,2.7979E-13
24,10,5s 7d,3D3,5p2,3P1,E2,5.03460,-0.43528439,-0.45416595,-4144.02,2413.11,4.9561E-04
24,10,5s 7d,3D3,5p2,3P1,M3,20.52541,-0.43528439,-0.45416595,-4144.02,2413.11,5.2875E-17
24,11,5s 7d,3D3,5p2,3P2,E2,-2.94218,-0.43528439,-0.45291557,-3869.60,2584.25,1.2016E-04
24,11,5s 7d,3D3,5p2,3P2,M1,0.00908,-0.43528439,-0.45291557,-3869.60,2584.25,1.8405E-05
24,11,5s 7d,3D3,5p2,3P2,M3,-87.73007,-0.43528439,-0.45291557,-3869.60,2584.25,5.9795E-16
24,12,5s 7d,3D3,4d2,1D2,E2,-1.96511,-0.43528439,-0.44726901,-2630.32,3801.82,7.7789E-06
24,12,5s 7d,3D3,4d2,1D2,M1,0.00754,-0.43528439,-0.44726901,-2630.32,3801.82,3.9885E-06
24,12,5s 7d,3D3,4d2,1D2,M3,-567.58894,-0.43528439,-0.44726901,-2630.32,3801.82,1.6782E-15
24,13,5s 7d,3D3,5s 7s,3S1,E2,-552.93345,-0.43528439,-0.44568536,-2282.75,4380.68,3.0320E-01
24,13,5s 7d,3D3,5s 7s,3S1,M3,-2473.08976,-0.43528439,-0.44568536,-2282.75,4380.68,1.1814E-14
24,14,5s 7d,3D3,4d2,3F2,E2,0.81652,-0.43528439,-0.44230201,-1540.19,6492.70,9.2450E-08
24,14,5s 7d,3D3,4d2,3F2,M1,0.00054,-0.43528439,-0.44230201,-1540.19,6492.70,4.1769E-09
24,14,5s 7d,3D3,4d2,3F2,M3,-51.59490,-0.43528439,-0.44230201,-1540.19,6492.70,3.2730E-19
24,15,5s 7d,3D3,4d2,3F3,E2,2.57602,-0.43528439,-0.44192522,-1457.49,6861.10,6.9828E-07
24,15,5s 7d,3D3,4d2,3F3,M1,0.00121,-0.43528439,-0.44192522,-1457.49,6861.10,1.7581E-08
24,15,5s 7d,3D3,4d2,3F3,M3,2.94256,-0.43528439,-0.44192522,-1457.49,6861.10,7.2345E-22
24,16,5s 7d,3D3,4d2,3F4,E2,4.34002,-0.43528439,-0.44140473,-1343.26,7444.58,1.3179E-06
24,16,5s 7d,3D3,4d2,3F4,M1,-0.00137,-0.43528439,-0.44140473,-1343.26,7444.58,1.7581E-08
24,16,5s 7d,3D3,4d2,3F4,M3,18.54435,-0.43528439,-0.44140473,-1343.26,7444.58,1.6228E-20
24,17,5s 7d,3D3,5s 7d,3D1,E2,151.16982,-0.43528439,-0.43536260,-17.16,582587.48,5.4478E-13
24,17,5s 7d,3D3,5s 7d,3D1,M3,-337.40172,-0.43528439,-0.43536260,-17.16,582587.48,2.9887E-31
24,18,5s 7d,3D3,5s 7d,3D2,E2,-471.49067,-0.43528439,-0.43533802,-11.77,849670.28,8.0315E-13
24,18,5s 7d,3D3,5s 7d,3D2,M1,2.12864,-0.43528439,-0.43533802,-11.77,849670.28,2.8464E-08
24,18,5s 7d,3D3,5s 7d,3D2,M3,-1257.04160,-0.43528439,-0.43533802,-11.77,849670.28,2.9557E-31
24,19,5s 7d,3D3,5s 7d,3D3,E2,742.93787,-0.43528439,-0.43528439,-0.00,86580701784.15,1.8151E-37
24,19,5s 7d,3D3,5s 7d,3D3,M1,12.21996,-0.43528439,-0.43528439,-0.00,86580701784.15,8.8657E-22
24,19,5s 7d,3D3,5s 7d,3D3,M3,5287.07891,-0.43528439,-0.43528439,-0.00,86580701784.15,4.5835E-65
24,20,5s 7d,3D3,5s 7d,1D2,E2,-82.21237,-0.43528439,-0.43508660,43.41,230361.42,2.3337E-11
24,20,5s 7d,3D3,5s 7d,1D2,M1,0.36677,-0.43528439,-0.43508660,43.41,230361.42,5.9364E-08
24,20,5s 7d,3D3,5s 7d,1D2,M3,-3082.89036,-0.43528439,-0.43508660,43.41,230361.42,2.3115E-26
24,21,5s 7d,3D3,5s 9s,3S1,E2,-695.63352,-0.43528439,-0.43048108,1054.21,9485.81,2.3522E-02
24,21,5s 7d,3D3,5s 9s,3S1,M3,-3111.29274,-0.43528439,-0.43048108,1054.21,9485.81,1.9546E-16
24,22,5s 7d,3D3,4d2,1G4,E2,-0.10452,-0.43528439,-0.42894029,1392.37,7182.00,7.1143E-10
24,22,5s 7d,3D3,4d2,1G4,M1,-0.00005,-0.43528439,-0.42894029,1392.37,7182.00,1.6595E-11
24,22,5s 7d,3D3,4d2,1G4,M3,123.15318,-0.43528439,-0.42894029,1392.37,7182.00,7.1571E-19
24,23,5s 7d,3D3,5s 6g,3G3,E2,114.94619,-0.43528439,-0.42708575,1799.39,5557.43,3.9877E-03
24,23,5s 7d,3D3,5s 6g,3G3,M1,0.00002,-0.43528439,-0.42708575,1799.39,5557.43,8.6755E-12
24,23,5s 7d,3D3,5s 6g,3G3,M3,181.71420,-0.43528439,-0.42708575,1799.39,5557.43,1.2061E-17
24,24,5s 7d,3D3,5s 6g,1G4,E2,439.58641,-0.43528439,-0.42708467,1799.63,5556.70,4.5390E-02
24,24,5s 7d,3D3,5s 6g,1G4,M1,0.00006,-0.43528439,-0.42708467,1799.63,5556.70,6.8145E-11
24,24,5s 7d,3D3,5s 6g,1G4,M3,2635.37126,-0.43528439,-0.42708467,1799.63,5556.70,1.9748E-15
