n1,n2,state_one_configuration,state_one_term,state_two_configuration,state_two_term,operator,matrix_element_value,state_one_energy_au,state_two_energy_au,transition_energy_cm,wavelength_nm,transition_rate
1,1,5s2,1S0,5s 4d,3D1,M1,0.00004,-0.62055149,-0.53770844,18181.95,550.00,8.8323E-08
1,2,5s2,1S0,5s 4d,3D2,E2,1.11819,-0.62055149,-0.53739422,18250.91,547.92,5.6713E-02
1,3,5s2,1S0,5s 4d,3D3,M3,123.68562,-0.62055149,-0.53686660,18366.71,544.46,6.4501E-11
1,4,5s2,1S0,5s 4d,1D2,E2,-26.03074,-0.62055149,-0.52758744,20403.25,490.12,5.3666E+01
1,5,5s2,1S0,5s 6s,3S1,M1,-0.00012,-0.62055149,-0.48685600,29342.77,340.80,3.0576E-06
1,6,5s2,1S0,5s 5d,1D2,E2,17.42302,-0.62055149,-0.46080387,35060.55,285.22,3.6022E+02
1,7,5s2,1S0,5s 5d,3D1,M1,-0.00010,-0.62055149,-0.45952260,35341.76,282.95,4.1996E-06
1,8,5s2,1S0,5s 5d,3D2,E2,-0.45973,-0.62055149,-0.45945159,35357.34,282.83,2.6159E-01
1,9,5s2,1S0,5s 5d,3D3,M3,-79.57321,-0.62055149,-0.45934550,35380.62,282.64,2.6279E-09
1,10,5s2,1S0,5p2,3P1,M1,-0.00542,-0.62055149,-0.45638817,36029.68,277.55,1.2331E-02
1,11,5s2,1S0,5p2,3P2,E2,1.19200,-0.62055149,-0.45516606,36297.91,275.50,2.0053E+00
1,12,5s2,1S0,4d2,1D2,E2,1.07584,-0.62055149,-0.45022301,37382.78,267.50,1.8927E+00
1,13,5s2,1S0,5s 7s,3S1,M1,-0.00000,-0.62055149,-0.44854123,37751.89,264.89,8.0188E-11
1,14,5s2,1S0,4d2,3F2,E2,0.10577,-0.62055149,-0.44654280,38190.49,261.85,2.0357E-02
1,15,5s2,1S0,4d2,3F3,M3,-0.00216,-0.62055149,-0.44613337,38280.35,261.23,3.3465E-18
1,17,5s2,1S0,5s 7d,3D1,M1,0.00002,-0.62055149,-0.43820374,40020.70,249.87,2.8937E-07
1,18,5s2,1S0,5s 7d,3D2,E2,1.92232,-0.62055149,-0.43818039,40025.83,249.84,8.5032E+00
1,19,5s2,1S0,5s 7d,3D3,M3,42.74683,-0.62055149,-0.43812290,40038.45,249.76,1.8024E-09
1,20,5s2,1S0,5s 7d,1D2,E2,8.62250,-0.62055149,-0.43796776,40072.50,249.55,1.7208E+02
1,21,5s2,1S0,5s 9s,3S1,M1,0.00003,-0.62055149,-0.43330339,41096.21,243.33,7.1854E-07
1,23,5s2,1S0,5s 6g,3G3,M3,0.01633,-0.62055149,-0.42987284,41849.13,238.95,3.5869E-16
2,1,5s 4d,3D1,5s 4d,3D1,E2,9.01258,-0.53770844,-0.53770844,-0.00,891516861544.58,5.3843E-46
2,1,5s 4d,3D1,5s 4d,3D1,M1,1.22474,-0.53770844,-0.53770844,-0.00,891516861544.58,1.9033E-26
2,2,5s 4d,3D1,5s 4d,3D2,E2,-11.65205,-0.53770844,-0.53739422,68.96,145005.24,4.7437E-12
2,2,5s 4d,3D1,5s 4d,3D2,M1,2.11892,-0.53770844,-0.53739422,68.96,145005.24,7.9441E-06
2,2,5s 4d,3D1,5s 4d,3D2,M3,-7.51304,-0.53770844,-0.53739422,68.96,145005.24,3.5058E-30
2,3,5s 4d,3D1,5s 4d,3D3,E2,3.96024,-0.53770844,-0.53686660,184.76,54123.32,5.4028E-11
2,3,5s 4d,3D1,5s 4d,3D3,M3,-8.88359,-0.53770844,-0.53686660,184.76,54123.32,3.4690E-27
2,4,5s 4d,3D1,5s 4d,1D2,E2,-0.58131,-0.53770844,-0.52758744,2221.30,4501.86,4.0934E-07
2,4,5s 4d,3D1,5s 4d,1D2,M1,0.09858,-0.53770844,-0.52758744,2221.30,4501.86,5.7461E-04
2,4,5s 4d,3D1,5s 4d,1D2,M3,18.32333,-0.53770844,-0.52758744,2221.30,4501.86,7.5007E-19
2,5,5s 4d,3D1,5s 6s,3S1,E2,-14.03532,-0.53770844,-0.48685600,11160.82,895.99,1.2735E+00
2,5,5s 4d,3D1,5s 6s,3S1,M1,-0.00000,-0.53770844,-0.48685600,11160.82,895.99,5.6396E-11
2,6,5s 4d,3D1,5s 5d,1D2,E2,-0.63752,-0.53770844,-0.46080387,16878.60,592.47,1.2471E-02
2,6,5s 4d,3D1,5s 5d,1D2,M1,0.00558,-0.53770844,-0.46080387,16878.60,592.47,8.0870E-04
2,6,5s 4d,3D1,5s 5d,1D2,M3,-6.93516,-0.53770844,-0.46080387,16878.60,592.47,1.5715E-13
2,7,5s 4d,3D1,5s 5d,3D1,E2,-9.07635,-0.53770844,-0.45952260,17159.81,582.76,4.5758E+00
2,7,5s 4d,3D1,5s 5d,3D1,M1,-0.00000,-0.53770844,-0.45952260,17159.81,582.76,6.2723E-10
2,8,5s 4d,3D1,5s 5d,3D2,E2,-11.83505,-0.53770844,-0.45945159,17175.39,582.23,4.6892E+00
2,8,5s 4d,3D1,5s 5d,3D2,M1,-0.00428,-0.53770844,-0.45945159,17175.39,582.23,5.0064E-04
2,8,5s 4d,3D1,5s 5d,3D2,M3,-5.84484,-0.53770844,-0.45945159,17175.39,582.23,1.2611E-13
2,9,5s 4d,3D1,5s 5d,3D3,E2,-4.03431,-0.53770844,-0.45934550,17198.68,581.44,3.9185E-01
2,9,5s 4d,3D1,5s 5d,3D3,M3,9.69049,-0.53770844,-0.45934550,17198.68,581.44,2.4996E-13
2,10,5s 4d,3D1,5p2,3P1,E2,11.51281,-0.53770844,-0.45638817,17847.74,560.30,8.9610E+00
2,10,5s 4d,3D1,5p2,3P1,M1,0.00106,-0.53770844,-0.45638817,17847.74,560.30,5.7296E-05
2,11,5s 4d,3D1,5p2,3P2,E2,6.70464,-0.53770844,-0.45516606,18115.96,552.00,1.9647E+00
2,11,5s 4d,3D1,5p2,3P2,M1,0.00074,-0.53770844,-0.45516606,18115.96,552.00,1.7738E-05
2,11,5s 4d,3D1,5p2,3P2,M3,-24.86847,-0.53770844,-0.45516606,18115.96,552.00,3.3156E-12
2,12,5s 4d,3D1,4d2,1D2,E2,-2.69270,-0.53770844,-0.45022301,19200.83,520.81,4.2384E-01
2,12,5s 4d,3D1,4d2,1D2,M1,-0.00005,-0.53770844,-0.45022301,19200.83,520.81,8.5626E-08
2,12,5s 4d,3D1,4d2,1D2,M3,-15.80151,-0.53770844,-0.45022301,19200.83,520.81,2.0113E-12
2,13,5s 4d,3D1,5s 7s,3S1,E2,-2.18488,-0.53770844,-0.44854123,19569.94,510.99,5.1154E-01
2,13,5s 4d,3D1,5s 7s,3S1,M1,-0.00002,-0.53770844,-0.44854123,19569.94,510.99,3.0102E-08
2,14,5s 4d,3D1,4d2,3F2,E2,-22.12280,-0.53770844,-0.44654280,20008.55,499.79,3.5155E+01
2,14,5s 4d,3D1,4d2,3F2,M1,0.00072,-0.53770844,-0.44654280,20008.55,499.79,2.2595E-05
2,14,5s 4d,3D1,4d2,3F2,M3,25.40522,-0.53770844,-0.44654280,20008.55,499.79,6.9374E-12
2,15,5s 4d,3D1,4d2,3F3,E2,15.81321,-0.53770844,-0.44613337,20098.41,497.55,1.3120E+01
2,15,5s 4d,3D1,4d2,3F3,M3,-89.46622,-0.53770844,-0.44613337,20098.41,497.55,6.3410E-11
2,16,5s 4d,3D1,4d2,3F4,M3,63.92430,-0.53770844,-0.44555683,20224.94,494.44,2.6309E-11
2,17,5s 4d,3D1,5s 7d,3D1,E2,-3.60759,-0.53770844,-0.43820374,21838.76,457.90,2.4135E+00
2,17,5s 4d,3D1,5s 7d,3D1,M1,-0.00001,-0.53770844,-0.43820374,21838.76,457.90,1.5373E-08
2,18,5s 4d,3D1,5s 7d,3D2,E2,-4.48635,-0.53770844,-0.43818039,21843.88,457.79,2.2421E+00
2,18,5s 4d,3D1,5s 7d,3D2,M1,-0.00154,-0.53770844,-0.43818039,21843.88,457.79,1.3379E-04
2,18,5s 4d,3D1,5s 7d,3D2,M3,-3.45667,-0.53770844,-0.43818039,21843.88,457.79,2.3739E-13
2,19,5s 4d,3D1,5s 7d,3D3,E2,1.54293,-0.53770844,-0.43812290,21856.50,457.53,1.8997E-01
2,19,5s 4d,3D1,5s 7d,3D3,M3,-3.96968,-0.53770844,-0.43812290,21856.50,457.53,2.2454E-13
2,20,5s 4d,3D1,5s 7d,1D2,E2,1.12361,-0.53770844,-0.43796776,21890.55,456.82,1.4215E-01
2,20,5s 4d,3D1,5s 7d,1D2,M1,0.00312,-0.53770844,-0.43796776,21890.55,456.82,5.5216E-04
2,20,5s 4d,3D1,5s 7d,1D2,M3,-9.42471,-0.53770844,-0.43796776,21890.55,456.82,1.7913E-12
2,21,5s 4d,3D1,5s 9s,3S1,E2,1.08204,-0.53770844,-0.43330339,22914.26,436.41,2.7612E-01
2,21,5s 4d,3D1,5s 9s,3S1,M1,0.00000,-0.53770844,-0.43330339,22914.26,436.41,1.1385E-09
2,22,5s 4d,3D1,4d2,1G4,M3,-131.13456,-0.53770844,-0.43268917,23049.07,433.86,2.7642E-10
2,23,5s 4d,3D1,5s 6g,3G3,E2,5.84617,-0.53770844,-0.42987284,23667.18,422.53,4.0605E+00
2,23,5s 4d,3D1,5s 6g,3G3,M3,9.54952,-0.53770844,-0.42987284,23667.18,422.53,2.2683E-12
2,24,5s 4d,3D1,5s 6g,1G4,M3,16.19727,-0.53770844,-0.42987187,23667.39,422.52,5.0758E-12
3,1,5s 4d,3D2,5s 4d,3D1,E2,11.65205,-0.53739422,-0.53770844,-68.96,145005.19,4.7437E-12
3,1,5s 4d,3D2,5s 4d,3D1,M1,-2.11892,-0.53739422,-0.53770844,-68.96,145005.19,7.9441E-06
3,1,5s 4d,3D2,5s 4d,3D1,M3,7.51359,-0.53739422,-0.53770844,-68.96,145005.19,3.5063E-30
3,2,5s 4d,3D2,5s 4d,3D2,E2,9.92144,-0.53739422,-0.53739422,-0.00,751479889937.83,9.2001E-46
3,2,5s 4d,3D2,5s 4d,3D2,M1,6.38785,-0.53739422,-0.53739422,-0.00,751479889937.83,5.1871E-25
3,2,5s 4d,3D2,5s 4d,3D2,M3,55.92758,-0.53739422,-0.53739422,-0.00,751479889937.83,1.9350E-75
3,3,5s 4d,3D2,5s 4d,3D3,E2,-12.56177,-0.53739422,-0.53686660,115.80,86355.63,5.2571E-11
3,3,5s 4d,3D2,5s 4d,3D3,M1,2.15784,-0.53739422,-0.53686660,115.80,86355.63,2.7862E-05
3,3,5s 4d,3D2,5s 4d,3D3,M3,-43.76771,-0.53739422,-0.53686660,115.80,86355.63,3.1988E-27
3,4,5s 4d,3D2,5s 4d,1D2,E2,-0.23107,-0.53739422,-0.52758744,2152.34,4646.11,5.5243E-08
3,4,5s 4d,3D2,5s 4d,1D2,M1,0.04230,-0.53739422,-0.52758744,2152.34,4646.11,9.6245E-05
3,4,5s 4d,3D2,5s 4d,1D2,M3,59.54369,-0.53739422,-0.52758744,2152.34,4646.11,6.3517E-18
3,5,5s 4d,3D2,5s 6s,3S1,E2,18.28465,-0.53739422,-0.48685600,11091.86,901.56,2.0954E+00
3,5,5s 4d,3D2,5s 6s,3S1,M1,0.00003,-0.53739422,-0.48685600,11091.86,901.56,1.1984E-08
3,5,5s 4d,3D2,5s 6s,3S1,M3,64.52056,-0.53739422,-0.48685600,11091.86,901.56,1.1998E-12
3,6,5s 4d,3D2,5s 5d,1D2,E2,2.45513,-0.53739422,-0.46080387,16809.64,594.90,1.8120E-01
3,6,5s 4d,3D2,5s 5d,1D2,M1,0.00247,-0.53739422,-0.46080387,16809.64,594.90,1.5582E-04
3,6,5s 4d,3D2,5s 5d,1D2,M3,-18.13080,-0.53739422,-0.46080387,16809.64,594.90,1.0437E-12
3,7,5s 4d,3D2,5s 5d,3D1,E2,-12.20809,-0.53739422,-0.45952260,17090.85,585.11,8.1132E+00
3,7,5s 4d,3D2,5s 5d,3D1,M1,0.00375,-0.53739422,-0.45952260,17090.85,585.11,6.3087E-04
3,7,5s 4d,3D2,5s 5d,3D1,M3,-7.16925,-0.53739422,-0.45952260,17090.85,585.11,3.0548E-13
3,8,5s 4d,3D2,5s 5d,3D2,E2,9.81473,-0.53739422,-0.45945159,17106.43,584.58,3.1607E+00
3,8,5s 4d,3D2,5s 5d,3D2,M1,-0.00018,-0.53739422,-0.45945159,17106.43,584.58,8.6359E-07
3,8,5s 4d,3D2,5s 5d,3D2,M3,57.80659,-0.53739422,-0.45945159,17106.43,584.58,1.1993E-11
3,9,5s 4d,3D2,5s 5d,3D3,E2,12.83832,-0.53739422,-0.45934550,17129.71,583.78,3.8893E+00
3,9,5s 4d,3D2,5s 5d,3D3,M1,0.00654,-0.53739422,-0.45934550,17129.71,583.78,8.2927E-04
3,9,5s 4d,3D2,5s 5d,3D3,M3,42.69213,-0.53739422,-0.45934550,17129.71,583.78,4.7169E-12
3,10,5s 4d,3D2,5p2,3P1,E2,-4.66021,-0.53739422,-0.45638817,17778.77,562.47,1.4401E+00
3,10,5s 4d,3D2,5p2,3P1,M1,-0.00040,-0.53739422,-0.45638817,17778.77,562.47,8.2482E-06
3,10,5s 4d,3D2,5p2,3P1,M3,-55.48835,-0.53739422,-0.45638817,17778.77,562.47,2.4122E-11
3,11,5s 4d,3D2,5p2,3P2,E2,-13.20493,-0.53739422,-0.45516606,18047.00,554.11,7.4770E+00
3,11,5s 4d,3D2,5p2,3P2,M1,-0.00146,-0.53739422,-0.45516606,18047.00,554.11,6.7968E-05
3,11,5s 4d,3D2,5p2,3P2,M3,-46.51181,-0.53739422,-0.45516606,18047.00,554.11,1.1293E-11
3,12,5s 4d,3D2,4d2,1D2,E2,-0.63650,-0.53739422,-0.45022301,19131.87,522.69,2.3260E-02
3,12,5s 4d,3D2,4d2,1D2,M1,0.00029,-0.53739422,-0.45022301,19131.87,522.69,3.2709E-06
3,12,5s 4d,3D2,4d2,1D2,M3,-56.96688,-0.53739422,-0.45022301,19131.87,522.69,2.5491E-11
3,13,5s 4d,3D2,5s 7s,3S1,E2,2.67460,-0.53739422,-0.44854123,19500.98,512.79,7.5314E-01
3,13,5s 4d,3D2,5s 7s,3S1,M1,0.00003,-0.53739422,-0.44854123,19500.98,512.79,4.7664E-08
3,13,5s 4d,3D2,5s 7s,3S1,M3,9.85482,-0.53739422,-0.44854123,19500.98,512.79,1.4534E-12
3,14,5s 4d,3D2,4d2,3F2,E2,-18.60513,-0.53739422,-0.44654280,19939.58,501.51,2.4438E+01
3,14,5s 4d,3D2,4d2,3F2,M1,0.00086,-0.53739422,-0.44654280,19939.58,501.51,3.1929E-05
3,14,5s 4d,3D2,4d2,3F2,M3,62.63538,-0.53739422,-0.44654280,19939.58,501.51,4.1162E-11
3,15,5s 4d,3D2,4d2,3F3,E2,-24.82623,-0.53739422,-0.44613337,20029.44,499.27,3.1788E+01
3,15,5s 4d,3D2,4d2,3F3,M1,-0.00003,-0.53739422,-0.44613337,20029.44,499.27,2.3535E-08
3,15,5s 4d,3D2,4d2,3F3,M3,-96.77093,-0.53739422,-0.44613337,20029.44,499.27,7.2424E-11
3,16,5s 4d,3D2,4d2,3F4,E2,16.41326,-0.53739422,-0.44555683,20155.98,496.13,1.1152E+01
3,16,5s 4d,3D2,4d2,3F4,M3,-47.59071,-0.53739422,-0.44555683,20155.98,496.13,1.4238E-11
3,17,5s 4d,3D2,5s 7d,3D1,E2,-4.58787,-0.53739422,-0.43820374,21769.79,459.35,3.8421E+00
3,17,5s 4d,3D2,5s 7d,3D1,M1,0.00199,-0.53739422,-0.43820374,21769.79,459.35,3.6632E-04
3,17,5s 4d,3D2,5s 7d,3D1,M3,-1.55464,-0.53739422,-0.43820374,21769.79,459.35,7.8149E-14
3,18,5s 4d,3D2,5s 7d,3D2,E2,3.94526,-0.53739422,-0.43818039,21774.92,459.24,1.7067E+00
3,18,5s 4d,3D2,5s 7d,3D2,M1,0.00022,-0.53739422,-0.43818039,21774.92,459.24,2.5961E-06
3,18,5s 4d,3D2,5s 7d,3D2,M3,15.77115,-0.53739422,-0.43818039,21774.92,459.24,4.8335E-12
3,19,5s 4d,3D2,5s 7d,3D3,E2,-4.91131,-0.53739422,-0.43812290,21787.54,458.98,1.8947E+00
3,19,5s 4d,3D2,5s 7d,3D3,M1,-0.00346,-0.53739422,-0.43812290,21787.54,458.98,4.7836E-04
3,19,5s 4d,3D2,5s 7d,3D3,M3,-15.84106,-0.53739422,-0.43812290,21787.54,458.98,3.4973E-12
3,20,5s 4d,3D2,5s 7d,1D2,E2,-0.60251,-0.53739422,-0.43796776,21821.59,458.26,4.0234E-02
3,20,5s 4d,3D2,5s 7d,1D2,M1,0.00107,-0.53739422,-0.43796776,21821.59,458.26,6.4148E-05
3,20,5s 4d,3D2,5s 7d,1D2,M3,-34.93902,-0.53739422,-0.43796776,21821.59,458.26,2.4080E-11
3,21,5s 4d,3D2,5s 9s,3S1,E2,-1.33878,-0.53739422,-0.43330339,22845.30,437.73,4.1637E-01
3,21,5s 4d,3D2,5s 9s,3S1,M1,-0.00001,-0.53739422,-0.43330339,22845.30,437.73,6.5544E-09
3,21,5s 4d,3D2,5s 9s,3S1,M3,-4.96373,-0.53739422,-0.43330339,22845.30,437.73,1.1166E-12
3,22,5s 4d,3D2,4d2,1G4,E2,-1.80907,-0.53739422,-0.43268917,22980.10,435.16,2.6099E-01
3,22,5s 4d,3D2,4d2,1G4,M3,-127.67117,-0.53739422,-0.43268917,22980.10,435.16,2.5658E-10
3,23,5s 4d,3D2,5s 6g,3G3,E2,3.10894,-0.53739422,-0.42987284,23598.22,423.76,1.1317E+00
3,23,5s 4d,3D2,5s 6g,3G3,M1,0.00002,-0.53739422,-0.42987284,23598.22,423.76,2.8385E-08
3,23,5s 4d,3D2,5s 6g,3G3,M3,6.88320,-0.53739422,-0.42987284,23598.22,423.76,1.1546E-12
3,24,5s 4d,3D2,5s 6g,1G4,E2,6.68793,-0.53739422,-0.42987187,23598.43,423.76,4.0734E+00
3,24,5s 4d,3D2,5s 6g,1G4,M3,33.77844,-0.53739422,-0.42987187,23598.43,423.76,2.1629E-11
4,1,5s 4d,3D3,5s 4d,3D1,E2,-3.96025,-0.53686660,-0.53770844,-184.76,54123.31,5.4029E-11
4,1,5s 4d,3D3,5s 4d,3D1,M3,8.88329,-0.53686660,-0.53770844,-184.76,54123.31,3.4687E-27
4,2,5s 4d,3D3,5s 4d,3D2,E2,-12.56178,-0.53686660,-0.53739422,-115.80,86355.62,5.2571E-11
4,2,5s 4d,3D3,5s 4d,3D2,M1,2.15784,-0.53686660,-0.53739422,-115.80,86355.62,2.7862E-05
4,2,5s 4d,3D3,5s 4d,3D2,M3,-43.77030,-0.53686660,-0.53739422,-115.80,86355.62,3.1992E-27
4,3,5s 4d,3D3,5s 4d,3D3,E2,-19.62058,-0.53686660,-0.53686660,-0.00,1401939623048.92,1.1373E-46
4,3,5s 4d,3D3,5s 4d,3D3,M1,-12.21956,-0.53686660,-0.53686660,-0.00,1401939623048.92,2.0882E-25
4,3,5s 4d,3D3,5s 4d,3D3,M3,-143.64542,-0.53686660,-0.53686660,-0.00,1401939623048.92,1.1593E-76
4,4,5s 4d,3D3,5s 4d,1D2,E2,-0.70136,-0.53686660,-0.52758744,2036.54,4910.29,3.8599E-07
4,4,5s 4d,3D3,5s 4d,1D2,M1,0.10036,-0.53686660,-0.52758744,2036.54,4910.29,4.5891E-04
4,4,5s 4d,3D3,5s 4d,1D2,M3,-95.17694,-0.53686660,-0.52758744,2036.54,4910.29,1.1019E-17
4,5,5s 4d,3D3,5s 6s,3S1,E2,22.02733,-0.53686660,-0.48685600,10976.06,911.07,2.8856E+00
4,5,5s 4d,3D3,5s 6s,3S1,M3,97.71518,-0.53686660,-0.48685600,10976.06,911.07,2.5570E-12
4,6,5s 4d,3D3,5s 5d,1D2,E2,0.10313,-0.53686660,-0.46080387,16693.84,599.02,3.0886E-04
4,6,5s 4d,3D3,5s 5d,1D2,M1,0.00614,-0.53686660,-0.46080387,16693.84,599.02,9.4467E-04
4,6,5s 4d,3D3,5s 5d,1D2,M3,40.63698,-0.53686660,-0.46080387,16693.84,599.02,4.9955E-12
4,7,5s 4d,3D3,5s 5d,3D1,E2,4.38695,-0.53686660,-0.45952260,16975.05,589.10,1.0126E+00
4,7,5s 4d,3D3,5s 5d,3D1,M3,-9.85939,-0.53686660,-0.45952260,16975.05,589.10,5.5089E-13
4,8,5s 4d,3D3,5s 5d,3D2,E2,-13.44504,-0.53686660,-0.45945159,16990.63,588.56,5.7332E+00
4,8,5s 4d,3D3,5s 5d,3D2,M1,0.00601,-0.53686660,-0.45945159,16990.63,588.56,9.5596E-04
4,8,5s 4d,3D3,5s 5d,3D2,M3,-48.32992,-0.53686660,-0.45945159,16990.63,588.56,7.9935E-12
4,9,5s 4d,3D3,5s 5d,3D3,E2,20.16610,-0.53686660,-0.45934550,17013.91,587.75,9.2761E+00
4,9,5s 4d,3D3,5s 5d,3D3,M1,0.00019,-0.53686660,-0.45934550,17013.91,587.75,6.8015E-07
4,9,5s 4d,3D3,5s 5d,3D3,M3,141.39421,-0.53686660,-0.45934550,17013.91,587.75,4.9341E-11
4,10,5s 4d,3D3,5p2,3P1,E2,11.15861,-0.53686660,-0.45638817,17662.97,566.16,7.9913E+00
4,10,5s 4d,3D3,5p2,3P1,M3,3.78302,-0.53686660,-0.45638817,17662.97,566.16,1.0711E-13
4,11,5s 4d,3D3,5p2,3P2,E2,-15.77903,-0.53686660,-0.45516606,17931.19,557.69,1.0338E+01
4,11,5s 4d,3D3,5p2,3P2,M1,0.00123,-0.53686660,-0.45516606,17931.19,557.69,4.6994E-05
4,11,5s 4d,3D3,5p2,3P2,M3,-63.59247,-0.53686660,-0.45516606,17931.19,557.69,2.0180E-11
4,12,5s 4d,3D3,4d2,1D2,E2,3.18783,-0.53686660,-0.45022301,19016.07,525.87,5.6601E-01
4,12,5s 4d,3D3,4d2,1D2,M1,-0.00017,-0.53686660,-0.45022301,19016.07,525.87,1.0704E-06
4,12,5s 4d,3D3,4d2,1D2,M3,113.67585,-0.53686660,-0.45022301,19016.07,525.87,9.7279E-11
4,13,5s 4d,3D3,5s 7s,3S1,E2,2.91713,-0.53686660,-0.44854123,19385.18,515.86,8.6963E-01
4,13,5s 4d,3D3,5s 7s,3S1,M3,13.29313,-0.53686660,-0.44854123,19385.18,515.86,2.5365E-12
4,14,5s 4d,3D3,4d2,3F2,E2,5.68640,-0.53686660,-0.44654280,19823.78,504.44,2.2174E+00
4,14,5s 4d,3D3,4d2,3F2,M1,-0.00011,-0.53686660,-0.44654280,19823.78,504.44,5.2514E-07
4,14,5s 4d,3D3,4d2,3F2,M3,-51.90026,-0.53686660,-0.44654280,19823.78,504.44,2.7132E-11
4,15,5s 4d,3D3,4d2,3F3,E2,19.06020,-0.53686660,-0.44613337,19913.64,502.17,1.8202E+01
4,15,5s 4d,3D3,4d2,3F3,M1,-0.00083,-0.53686660,-0.44613337,19913.64,502.17,2.1116E-05
4,15,5s 4d,3D3,4d2,3F3,M3,0.02257,-0.53686660,-0.44613337,19913.64,502.17,3.7820E-18
4,16,5s 4d,3D3,4d2,3F4,E2,36.26796,-0.53686660,-0.44555683,20040.18,499.00,5.2907E+01
4,16,5s 4d,3D3,4d2,3F4,M1,0.00083,-0.53686660,-0.44555683,20040.18,499.00,1.6724E-05
4,16,5s 4d,3D3,4d2,3F4,M3,152.38488,-0.53686660,-0.44555683,20040.18,499.00,1.4020E-10
4,17,5s 4d,3D3,5s 7d,3D1,E2,1.52292,-0.53686660,-0.43820374,21653.99,461.81,4.1221E-01
4,17,5s 4d,3D3,5s 7d,3D1,M3,-4.06191,-0.53686660,-0.43820374,21653.99,461.81,5.1394E-13
4,18,5s 4d,3D3,5s 7d,3D2,E2,-4.75103,-0.53686660,-0.43818039,21659.12,461.70,2.4099E+00
4,18,5s 4d,3D3,5s 7d,3D2,M1,0.00379,-0.53686660,-0.43818039,21659.12,461.70,7.8927E-04
4,18,5s 4d,3D3,5s 7d,3D2,M3,-5.99638,-0.53686660,-0.43818039,21659.12,461.70,6.7314E-13
4,19,5s 4d,3D3,5s 7d,3D3,E2,-7.71015,-0.53686660,-0.43812290,21671.74,461.43,4.5467E+00
4,19,5s 4d,3D3,5s 7d,3D3,M1,-0.00011,-0.53686660,-0.43812290,21671.74,461.43,5.1664E-07
4,19,5s 4d,3D3,5s 7d,3D3,M3,-53.21960,-0.53686660,-0.43812290,21671.74,461.43,3.8029E-11
4,20,5s 4d,3D3,5s 7d,1D2,E2,1.11422,-0.53686660,-0.43796776,21705.79,460.71,1.3398E-01
4,20,5s 4d,3D3,5s 7d,1D2,M1,0.00211,-0.53686660,-0.43796776,21705.79,460.71,2.4661E-04
4,20,5s 4d,3D3,5s 7d,1D2,M3,52.20485,-0.53686660,-0.43796776,21705.79,460.71,5.1795E-11
4,21,5s 4d,3D3,5s 9s,3S1,E2,-1.48252,-0.53686660,-0.43330339,22729.50,439.96,4.9777E-01
4,21,5s 4d,3D3,5s 9s,3S1,M3,-6.79772,-0.53686660,-0.43330339,22729.50,439.96,2.0209E-12
4,22,5s 4d,3D3,4d2,1G4,E2,1.00476,-0.53686660,-0.43268917,22864.30,437.36,7.8501E-02
4,22,5s 4d,3D3,4d2,1G4,M1,0.00006,-0.53686660,-0.43268917,22864.30,437.36,1.3568E-07
4,22,5s 4d,3D3,4d2,1G4,M3,87.46920,-0.53686660,-0.43268917,22864.30,437.36,1.1625E-10
4,23,5s 4d,3D3,5s 6g,3G3,E2,-0.81716,-0.53686660,-0.42987284,23482.42,425.85,7.6282E-02
4,23,5s 4d,3D3,5s 6g,3G3,M1,-0.00001,-0.53686660,-0.42987284,23482.42,425.85,2.8423E-09
4,23,5s 4d,3D3,5s 6g,3G3,M3,-1.20678,-0.53686660,-0.42987284,23482.42,425.85,3.4290E-14
4,24,5s 4d,3D3,5s 6g,1G4,E2,-3.07700,-0.53686660,-0.42987187,23482.63,425.85,8.4129E-01
4,24,5s 4d,3D3,5s 6g,1G4,M1,-0.00002,-0.53686660,-0.42987187,23482.63,425.85,1.9175E-08
4,24,5s 4d,3D3,5s 6g,1G4,M3,-18.41406,-0.53686660,-0.42987187,23482.63,425.85,6.2100E-12
5,1,5s 4d,1D2,5s 4d,3D1,E2,0.58129,-0.52758744,-0.53770844,-2221.30,4501.86,4.0931E-07
5,1,5s 4d,1D2,5s 4d,3D1,M1,-0.09858,-0.52758744,-0.53770844,-2221.30,4501.86,5.7461E-04
5,1,5s 4d,1D2,5s 4d,3D1,M3,-18.32330,-0.52758744,-0.53770844,-2221.30,4501.86,7.5007E-19
5,2,5s 4d,1D2,5s 4d,3D2,E2,-0.23116,-0.52758744,-0.53739422,-2152.34,4646.11,5.5283E-08
5,2,5s 4d,1D2,5s 4d,3D2,M1,0.04230,-0.52758744,-0.53739422,-2152.34,4646.11,9.6244E-05
5,2,5s 4d,1D2,5s 4d,3D2,M3,59.54395,-0.52758744,-0.53739422,-2152.34,4646.11,6.3517E-18
5,3,5s 4d,1D2,5s 4d,3D3,E2,-0.70143,-0.52758744,-0.53686660,-2036.54,4910.29,3.8606E-07
5,3,5s 4d,1D2,5s 4d,3D3,M1,0.10036,-0.52758744,-0.53686660,-2036.54,4910.29,4.5891E-04
5,3,5s 4d,1D2,5s 4d,3D3,M3,-95.17751,-0.52758744,-0.53686660,-2036.54,4910.29,1.1019E-17
5,4,5s 4d,1D2,5s 4d,1D2,E2,17.39261,-0.52758744,-0.52758744,0.00,2338651152479.41,9.6857E-48
5,4,5s 4d,1D2,5s 4d,1D2,M1,5.47905,-0.52758744,-0.52758744,0.00,2338651152479.41,1.2661E-26
5,4,5s 4d,1D2,5s 4d,1D2,M3,69.16647,-0.52758744,-0.52758744,0.00,2338651152479.41,1.0468E-78
5,5,5s 4d,1D2,5s 6s,3S1,E2,1.15081,-0.52758744,-0.48685600,8939.52,1118.63,2.8226E-03
5,5,5s 4d,1D2,5s 6s,3S1,M1,0.00003,-0.52758744,-0.48685600,8939.52,1118.63,7.8158E-09
5,5,5s 4d,1D2,5s 6s,3S1,M3,97.07970,-0.52758744,-0.48685600,8939.52,1118.63,5.9999E-13
5,6,5s 4d,1D2,5s 5d,1D2,E2,-32.98732,-0.52758744,-0.46080387,14657.30,682.25,1.6489E+01
5,6,5s 4d,1D2,5s 5d,1D2,M1,-0.00060,-0.52758744,-0.46080387,14657.30,682.25,6.1051E-06
5,6,5s 4d,1D2,5s 5d,1D2,M3,-69.36718,-0.52758744,-0.46080387,14657.30,682.25,5.8550E-12
5,7,5s 4d,1D2,5s 5d,3D1,E2,-0.76721,-0.52758744,-0.45952260,14938.51,669.41,1.6347E-02
5,7,5s 4d,1D2,5s 5d,3D1,M1,0.00729,-0.52758744,-0.45952260,14938.51,669.41,1.5922E-03
5,7,5s 4d,1D2,5s 5d,3D1,M3,18.31685,-0.52758744,-0.45952260,14938.51,669.41,7.7721E-13
5,8,5s 4d,1D2,5s 5d,3D2,E2,1.96705,-0.52758744,-0.45945159,14954.09,668.71,6.4812E-02
5,8,5s 4d,1D2,5s 5d,3D2,M1,0.00340,-0.52758744,-0.45945159,14954.09,668.71,2.0814E-04
5,8,5s 4d,1D2,5s 5d,3D2,M3,62.23353,-0.52758744,-0.45945159,14954.09,668.71,5.4226E-12
5,9,5s 4d,1D2,5s 5d,3D3,E2,0.80341,-0.52758744,-0.45934550,14977.37,667.67,7.7830E-03
5,9,5s 4d,1D2,5s 5d,3D3,M1,-0.00659,-0.52758744,-0.45934550,14977.37,667.67,5.6198E-04
5,9,5s 4d,1D2,5s 5d,3D3,M3,86.76157,-0.52758744,-0.45934550,14977.37,667.67,7.6106E-12
5,10,5s 4d,1D2,5p2,3P1,E2,0.01042,-0.52758744,-0.45638817,15626.43,639.94,3.7753E-06
5,10,5s 4d,1D2,5p2,3P1,M1,0.00843,-0.52758744,-0.45638817,15626.43,639.94,2.4377E-03
5,10,5s 4d,1D2,5p2,3P1,M3,61.67157,-0.52758744,-0.45638817,15626.43,639.94,1.2075E-11
5,11,5s 4d,1D2,5p2,3P2,E2,1.16654,-0.52758744,-0.45516606,15894.66,629.14,3.0923E-02
5,11,5s 4d,1D2,5p2,3P2,M1,0.01431,-0.52758744,-0.45516606,15894.66,629.14,4.4378E-03
5,11,5s 4d,1D2,5p2,3P2,M3,80.35424,-0.52758744,-0.45516606,15894.66,629.14,1.3855E-11
5,12,5s 4d,1D2,4d2,1D2,E2,23.48314,-0.52758744,-0.45022301,16979.53,588.94,1.7433E+01
5,12,5s 4d,1D2,4d2,1D2,M1,-0.00201,-0.52758744,-0.45022301,16979.53,588.94,1.0687E-04
5,12,5s 4d,1D2,4d2,1D2,M3,-29.68073,-0.52758744,-0.45022301,16979.53,588.94,3.0010E-12
5,13,5s 4d,1D2,5s 7s,3S1,E2,0.11405,-0.52758744,-0.44854123,17348.64,576.41,7.6306E-04
5,13,5s 4d,1D2,5s 7s,3S1,M1,-0.00010,-0.52758744,-0.44854123,17348.64,576.41,4.7531E-07
5,13,5s 4d,1D2,5s 7s,3S1,M3,6.90093,-0.52758744,-0.44854123,17348.64,576.41,3.1431E-13
5,14,5s 4d,1D2,4d2,3F2,E2,-2.93248,-0.52758744,-0.44654280,17787.24,562.20,3.4296E-01
5,14,5s 4d,1D2,4d2,3F2,M1,0.00088,-0.52758744,-0.44654280,17787.24,562.20,2.3399E-05
5,14,5s 4d,1D2,4d2,3F2,M3,-21.85789,-0.52758744,-0.44654280,17787.24,562.20,2.2533E-12
5,15,5s 4d,1D2,4d2,3F3,E2,-0.95389,-0.52758744,-0.44613337,17877.10,559.37,2.6581E-02
5,15,5s 4d,1D2,4d2,3F3,M1,-0.00119,-0.52758744,-0.44613337,17877.10,559.37,3.1115E-05
5,15,5s 4d,1D2,4d2,3F3,M3,79.25403,-0.52758744,-0.44613337,17877.10,559.37,2.1920E-11
5,16,5s 4d,1D2,4d2,3F4,E2,-0.25915,-0.52758744,-0.44555683,18003.64,555.44,1.5808E-03
5,16,5s 4d,1D2,4d2,3F4,M3,-159.86470,-0.52758744,-0.44555683,18003.64,555.44,7.2878E-11
5,17,5s 4d,1D2,5s 7d,3D1,E2,-0.26618,-0.52758744,-0.43820374,19617.46,509.75,7.6849E-03
5,17,5s 4d,1D2,5s 7d,3D1,M1,0.00366,-0.52758744,-0.43820374,19617.46,509.75,9.1165E-04
5,17,5s 4d,1D2,5s 7d,3D1,M3,5.14556,-0.52758744,-0.43820374,19617.46,509.75,4.1310E-13
5,18,5s 4d,1D2,5s 7d,3D2,E2,-0.07448,-0.52758744,-0.43818039,19622.58,509.62,3.6146E-04
5,18,5s 4d,1D2,5s 7d,3D2,M1,0.00149,-0.52758744,-0.43818039,19622.58,509.62,9.0653E-05
5,18,5s 4d,1D2,5s 7d,3D2,M3,12.94587,-0.52758744,-0.43818039,19622.58,509.62,1.5718E-12
5,19,5s 4d,1D2,5s 7d,3D3,E2,-0.27522,-0.52758744,-0.43812290,19635.20,509.29,3.5369E-03
5,19,5s 4d,1D2,5s 7d,3D3,M1,0.00339,-0.52758744,-0.43812290,19635.20,509.29,3.3545E-04
5,19,5s 4d,1D2,5s 7d,3D3,M3,-27.48419,-0.52758744,-0.43812290,19635.20,509.29,5.0830E-12
5,20,5s 4d,1D2,5s 7d,1D2,E2,-0.91637,-0.52758744,-0.43796776,19669.25,508.41,5.5374E-02
5,20,5s 4d,1D2,5s 7d,1D2,M1,-0.00048,-0.52758744,-0.43796776,19669.25,508.41,9.4439E-06
5,20,5s 4d,1D2,5s 7d,1D2,M3,-25.15651,-0.52758744,-0.43796776,19669.25,508.41,6.0347E-12
5,21,5s 4d,1D2,5s 9s,3S1,E2,-0.04884,-0.52758744,-0.43330339,20692.96,483.26,3.3781E-04
5,21,5s 4d,1D2,5s 9s,3S1,M1,0.00002,-0.52758744,-0.43330339,20692.96,483.26,4.9501E-08
5,21,5s 4d,1D2,5s 9s,3S1,M3,-2.46877,-0.52758744,-0.43330339,20692.96,483.26,1.3817E-13
5,22,5s 4d,1D2,4d2,1G4,E2,39.83876,-0.52758744,-0.43268917,20827.76,480.13,7.7407E+01
5,22,5s 4d,1D2,4d2,1G4,M3,-22.46753,-0.52758744,-0.43268917,20827.76,480.13,3.9919E-12
5,23,5s 4d,1D2,5s 6g,3G3,E2,0.20481,-0.52758744,-0.42987284,21445.88,466.29,3.0446E-03
5,23,5s 4d,1D2,5s 6g,3G3,M1,-0.00007,-0.52758744,-0.42987284,21445.88,466.29,2.0967E-07
5,23,5s 4d,1D2,5s 6g,3G3,M3,-3.43640,-0.52758744,-0.42987284,21445.88,466.29,1.4734E-13
5,24,5s 4d,1D2,5s 6g,1G4,E2,2.91472,-0.52758744,-0.42987187,21446.09,466.29,4.7961E-01
5,24,5s 4d,1D2,5s 6g,1G4,M3,23.65794,-0.52758744,-0.42987187,21446.09,466.29,5.4320E-12
6,1,5s 6s,3S1,5s 4d,3D1,E2,14.03547,-0.48685600,-0.53770844,-11160.82,895.99,1.2735E+00
6,1,5s 6s,3S1,5s 4d,3D1,M1,0.00000,-0.48685600,-0.53770844,-11160.82,895.99,6.1705E-11
6,2,5s 6s,3S1,5s 4d,3D2,E2,18.28491,-0.48685600,-0.53739422,-11091.86,901.56,2.0955E+00
6,2,5s 6s,3S1,5s 4d,3D2,M1,0.00003,-0.48685600,-0.53739422,-11091.86,901.56,1.1919E-08
6,2,5s 6s,3S1,5s 4d,3D2,M3,64.52165,-0.48685600,-0.53739422,-11091.86,901.56,1.1999E-12
6,3,5s 6s,3S1,5s 4d,3D3,E2,22.02753,-0.48685600,-0.53686660,-10976.06,911.07,2.8856E+00
6,3,5s 6s,3S1,5s 4d,3D3,M3,97.71641,-0.48685600,-0.53686660,-10976.06,911.07,2.5571E-12
6,4,5s 6s,3S1,5s 4d,1D2,E2,1.15076,-0.48685600,-0.52758744,-8939.52,1118.63,2.8224E-03
6,4,5s 6s,3S1,5s 4d,1D2,M1,0.00003,-0.48685600,-0.52758744,-8939.52,1118.63,7.7278E-09
6,4,5s 6s,3S1,5s 4d,1D2,M3,97.07931,-0.48685600,-0.52758744,-8939.52,1118.63,5.9998E-13
6,5,5s 6s,3S1,5s 6s,3S1,E2,-0.00276,-0.48685600,-0.48685600,-0.00,9930669935.47,2.9413E-43
6,5,5s 6s,3S1,5s 6s,3S1,M1,-4.89872,-0.48685600,-0.48685600,-0.00,9930669935.47,2.2032E-19
6,6,5s 6s,3S1,5s 5d,1D2,E2,4.93934,-0.48685600,-0.46080387,5717.78,1748.93,3.3397E-03
6,6,5s 6s,3S1,5s 5d,1D2,M1,-0.00042,-0.48685600,-0.46080387,5717.78,1748.93,1.7648E-07
6,6,5s 6s,3S1,5s 5d,1D2,M3,-539.80463,-0.48685600,-0.46080387,5717.78,1748.93,4.8742E-13
6,7,5s 6s,3S1,5s 5d,3D1,E2,-103.58698,-0.48685600,-0.45952260,5998.99,1666.95,3.1123E+00
6,7,5s 6s,3S1,5s 5d,3D1,M1,0.00020,-0.48685600,-0.45952260,5998.99,1666.95,7.8307E-08
6,8,5s 6s,3S1,5s 5d,3D2,E2,133.70213,-0.48685600,-0.45945159,6014.57,1662.63,3.1516E+00
6,8,5s 6s,3S1,5s 5d,3D2,M1,0.00024,-0.48685600,-0.45945159,6014.57,1662.63,6.8410E-08
6,8,5s 6s,3S1,5s 5d,3D2,M3,518.56451,-0.48685600,-0.45945159,6014.57,1662.63,6.4103E-13
6,9,5s 6s,3S1,5s 5d,3D3,E2,-158.49299,-0.48685600,-0.45934550,6037.86,1656.22,3.2250E+00
6,9,5s 6s,3S1,5s 5d,3D3,M3,-709.31590,-0.48685600,-0.45934550,6037.86,1656.22,8.8018E-13
6,10,5s 6s,3S1,5p2,3P1,E2,2.26685,-0.48685600,-0.45638817,6686.92,1495.46,2.5648E-03
6,10,5s 6s,3S1,5p2,3P1,M1,0.00693,-0.48685600,-0.45638817,6686.92,1495.46,1.2895E-04
6,11,5s 6s,3S1,5p2,3P2,E2,-3.25179,-0.48685600,-0.45516606,6955.14,1437.79,3.8548E-03
6,11,5s 6s,3S1,5p2,3P2,M1,0.00872,-0.48685600,-0.45516606,6955.14,1437.79,1.3789E-04
6,11,5s 6s,3S1,5p2,3P2,M3,-78.29798,-0.48685600,-0.45516606,6955.14,1437.79,4.0409E-14
6,12,5s 6s,3S1,4d2,1D2,E2,-0.98956,-0.48685600,-0.45022301,8040.01,1243.78,7.3688E-04
6,12,5s 6s,3S1,4d2,1D2,M1,-0.00135,-0.48685600,-0.45022301,8040.01,1243.78,5.1042E-06
6,12,5s 6s,3S1,4d2,1D2,M3,-259.83310,-0.48685600,-0.45022301,8040.01,1243.78,1.2275E-12
6,13,5s 6s,3S1,5s 7s,3S1,E2,-0.00759,-0.48685600,-0.44854123,8409.12,1189.19,9.0379E-08
6,13,5s 6s,3S1,5s 7s,3S1,M1,0.00005,-0.48685600,-0.44854123,8409.12,1189.19,1.1250E-08
6,14,5s 6s,3S1,4d2,3F2,E2,-0.05718,-0.48685600,-0.44654280,8847.73,1130.23,3.9707E-06
6,14,5s 6s,3S1,4d2,3F2,M1,0.00007,-0.48685600,-0.44654280,8847.73,1130.23,1.6955E-08
6,14,5s 6s,3S1,4d2,3F2,M3,18.57173,-0.48685600,-0.44654280,8847.73,1130.23,1.2256E-14
6,15,5s 6s,3S1,4d2,3F3,E2,-0.14879,-0.48685600,-0.44613337,8937.58,1118.87,2.0200E-05
6,15,5s 6s,3S1,4d2,3F3,M3,0.86170,-0.48685600,-0.44613337,8937.58,1118.87,2.0228E-17
6,16,5s 6s,3S1,4d2,3F4,M3,1.63879,-0.48685600,-0.44555683,9064.12,1103.25,6.2790E-17
6,17,5s 6s,3S1,5s 7d,3D1,E2,16.76021,-0.48685600,-0.43820374,10677.94,936.51,1.4557E+00
6,17,5s 6s,3S1,5s 7d,3D1,M1,0.00001,-0.48685600,-0.43820374,10677.94,936.51,1.8576E-09
6,18,5s 6s,3S1,5s 7d,3D2,E2,-20.89495,-0.48685600,-0.43818039,10683.06,936.06,1.3608E+00
6,18,5s 6s,3S1,5s 7d,3D2,M1,-0.00005,-0.48685600,-0.43818039,10683.06,936.06,1.7829E-08
6,18,5s 6s,3S1,5s 7d,3D2,M3,-59.00464,-0.48685600,-0.43818039,10683.06,936.06,4.6289E-13
6,19,5s 6s,3S1,5s 7d,3D3,E2,-24.52675,-0.48685600,-0.43812290,10695.68,934.96,1.3472E+00
6,19,5s 6s,3S1,5s 7d,3D3,M3,-109.33691,-0.48685600,-0.43812290,10695.68,934.96,1.1447E-12
6,20,5s 6s,3S1,5s 7d,1D2,E2,4.00420,-0.48685600,-0.43796776,10729.73,931.99,5.1074E-02
6,20,5s 6s,3S1,5s 7d,1D2,M1,-0.00008,-0.48685600,-0.43796776,10729.73,931.99,4.5315E-08
6,20,5s 6s,3S1,5s 7d,1D2,M3,91.62712,-0.48685600,-0.43796776,10729.73,931.99,1.1508E-12
6,21,5s 6s,3S1,5s 9s,3S1,E2,0.00007,-0.48685600,-0.43330339,11753.44,850.81,4.6700E-11
6,21,5s 6s,3S1,5s 9s,3S1,M1,-0.00009,-0.48685600,-0.43330339,11753.44,850.81,1.1430E-07
6,22,5s 6s,3S1,4d2,1G4,M3,0.12421,-0.48685600,-0.43268917,11888.24,841.17,2.4084E-18
6,23,5s 6s,3S1,5s 6g,3G3,E2,0.00090,-0.48685600,-0.42987284,12506.36,799.59,3.9591E-09
6,23,5s 6s,3S1,5s 6g,3G3,M3,0.20684,-0.48685600,-0.42987284,12506.36,799.59,1.2243E-17
6,24,5s 6s,3S1,5s 6g,1G4,M3,0.21821,-0.48685600,-0.42987187,12506.57,799.58,1.0599E-17
7,1,5s 6s,1S0,5s 4d,3D1,M1,0.00001,-0.47967711,-0.53770844,-12736.41,785.15,4.2099E-09
7,2,5s 6s,1S0,5s 4d,3D2,E2,-0.84147,-0.47967711,-0.53739422,-12667.44,789.43,2.5866E-02
7,3,5s 6s,1S0,5s 4d,3D3,M3,-72.43963,-0.47967711,-0.53686660,-12551.64,796.71,1.0781E-11
7,4,5s 6s,1S0,5s 4d,1D2,E2,21.90811,-0.47967711,-0.52758744,-10515.10,951.01,6.9100E+00
7,5,5s 6s,1S0,5s 6s,3S1,M1,0.00011,-0.47967711,-0.48685600,-1575.59,6346.84,1.1869E-09
7,6,5s 6s,1S0,5s 5d,1D2,E2,-133.61021,-0.47967711,-0.46080387,4142.20,2414.18,4.8760E-01
7,7,5s 6s,1S0,5s 5d,3D1,M1,0.00011,-0.47967711,-0.45952260,4423.40,2260.70,9.4639E-09
7,8,5s 6s,1S0,5s 5d,3D2,E2,4.40739,-0.47967711,-0.45945159,4438.99,2252.77,7.4991E-04
7,9,5s 6s,1S0,5s 5d,3D3,M3,680.89127,-0.47967711,-0.45934550,4462.27,2241.01,9.7669E-14
7,10,5s 6s,1S0,5p2,3P1,M1,0.00486,-0.47967711,-0.45638817,5111.33,1956.44,2.8338E-05
7,11,5s 6s,1S0,5p2,3P2,E2,-15.52401,-0.47967711,-0.45516606,5379.55,1858.89,2.4320E-02
7,12,5s 6s,1S0,4d2,1D2,E2,-60.85130,-0.47967711,-0.45022301,6464.43,1546.93,9.3631E-01
7,13,5s 6s,1S0,5s 7s,3S1,M1,-0.00019,-0.47967711,-0.44854123,6833.53,1463.37,1.0599E-07
7,14,5s 6s,1S0,4d2,3F2,E2,4.38574,-0.47967711,-0.44654280,7272.14,1375.11,8.7624E-03
7,15,5s 6s,1S0,4d2,3F3,M3,0.56221,-0.47967711,-0.44613337,7362.00,1358.33,2.2155E-18
7,17,5s 6s,1S0,5s 7d,3D1,M1,0.00000,-0.47967711,-0.43820374,9102.35,1098.62,2.7468E-11
7,18,5s 6s,1S0,5s 7d,3D2,E2,10.21671,-0.47967711,-0.43818039,9107.48,1098.00,1.4650E-01
7,19,5s 6s,1S0,5s 7d,3D3,M3,215.46624,-0.47967711,-0.43812290,9120.09,1096.48,1.4570E-12
7,20,5s 6s,1S0,5s 7d,1D2,E2,44.38747,-0.47967711,-0.43796776,9154.14,1092.40,2.8369E+00
7,21,5s 6s,1S0,5s 9s,3S1,M1,0.00002,-0.47967711,-0.43330339,10177.85,982.53,4.3487E-09
7,23,5s 6s,1S0,5s 6g,3G3,M3,0.28201,-0.47967711,-0.42987284,10930.77,914.85,8.8675E-18
8,1,5s 5d,1D2,5s 4d,3D1,E2,0.63759,-0.46080387,-0.53770844,-16878.60,592.47,1.2474E-02
8,1,5s 5d,1D2,5s 4d,3D1,M1,-0.00558,-0.46080387,-0.53770844,-16878.60,592.47,8.0859E-04
8,1,5s 5d,1D2,5s 4d,3D1,M3,6.93456,-0.46080387,-0.53770844,-16878.60,592.47,1.5712E-13
8,2,5s 5d,1D2,5s 4d,3D2,E2,2.45426,-0.46080387,-0.53739422,-16809.64,594.90,1.8108E-01
8,2,5s 5d,1D2,5s 4d,3D2,M1,0.00247,-0.46080387,-0.53739422,-16809.64,594.90,1.5581E-04
8,2,5s 5d,1D2,5s 4d,3D2,M3,-18.13166,-0.46080387,-0.53739422,-16809.64,594.90,1.0438E-12
8,3,5s 5d,1D2,5s 4d,3D3,E2,0.10302,-0.46080387,-0.53686660,-16693.84,599.02,3.0823E-04
8,3,5s 5d,1D2,5s 4d,3D3,M1,0.00613,-0.46080387,-0.53686660,-16693.84,599.02,9.4459E-04
8,3,5s 5d,1D2,5s 4d,3D3,M3,40.63375,-0.46080387,-0.53686660,-16693.84,599.02,4.9947E-12
8,4,5s 5d,1D2,5s 4d,1D2,E2,-32.98787,-0.46080387,-0.52758744,-14657.30,682.25,1.6489E+01
8,4,5s 5d,1D2,5s 4d,1D2,M1,-0.00060,-0.46080387,-0.52758744,-14657.30,682.25,6.1047E-06
8,4,5s 5d,1D2,5s 4d,1D2,M3,-69.36743,-0.46080387,-0.52758744,-14657.30,682.25,5.8550E-12
8,5,5s 5d,1D2,5s 6s,3S1,E2,4.93907,-0.46080387,-0.48685600,-5717.78,1748.93,3.3393E-03
8,5,5s 5d,1D2,5s 6s,3S1,M1,-0.00042,-0.46080387,-0.48685600,-5717.78,1748.93,1.7640E-07
8,5,5s 5d,1D2,5s 6s,3S1,M3,-539.81073,-0.46080387,-0.48685600,-5717.78,1748.93,4.8743E-13
8,6,5s 5d,1D2,5s 5d,1D2,E2,164.88040,-0.46080387,-0.46080387,-0.00,65779931581.97,4.9442E-38
8,6,5s 5d,1D2,5s 5d,1D2,M1,5.48393,-0.46080387,-0.46080387,-0.00,65779931581.97,5.6999E-22
8,6,5s 5d,1D2,5s 5d,1D2,M3,459.16974,-0.46080387,-0.46080387,-0.00,65779931581.97,3.3123E-66
8,7,5s 5d,1D2,5s 5d,3D1,E2,-4.48686,-0.46080387,-0.45952260,281.21,35561.11,1.3216E-09
8,7,5s 5d,1D2,5s 5d,3D1,M1,0.07758,-0.46080387,-0.45952260,281.21,35561.11,1.2034E-06
8,7,5s 5d,1D2,5s 5d,3D1,M3,-148.46530,-0.46080387,-0.45952260,281.21,35561.11,4.2767E-23
8,8,5s 5d,1D2,5s 5d,3D2,E2,-1.65467,-0.46080387,-0.45945159,296.79,33693.76,1.4122E-10
8,8,5s 5d,1D2,5s 5d,3D2,M1,0.03091,-0.46080387,-0.45945159,296.79,33693.76,1.3473E-07
8,8,5s 5d,1D2,5s 5d,3D2,M3,-452.63896,-0.46080387,-0.45945159,296.79,33693.76,3.4793E-22
8,9,5s 5d,1D2,5s 5d,3D3,E2,4.80977,-0.46080387,-0.45934550,320.07,31242.83,1.2434E-09
8,9,5s 5d,1D2,5s 5d,3D3,M1,-0.08085,-0.46080387,-0.45934550,320.07,31242.83,8.2585E-07
8,9,5s 5d,1D2,5s 5d,3D3,M3,-695.83372,-0.46080387,-0.45934550,320.07,31242.83,9.9648E-22
8,10,5s 5d,1D2,5p2,3P1,E2,-1.18724,-0.46080387,-0.45638817,969.13,10318.49,4.4985E-08
8,10,5s 5d,1D2,5p2,3P1,M1,-0.07349,-0.46080387,-0.45638817,969.13,10318.49,4.4194E-05
8,10,5s 5d,1D2,5p2,3P1,M3,-23.76810,-0.46080387,-0.45638817,969.13,10318.49,6.3294E-21
8,11,5s 5d,1D2,5p2,3P2,E2,21.88638,-0.46080387,-0.45516606,1237.35,8081.76,3.1121E-05
8,11,5s 5d,1D2,5p2,3P2,M1,-0.12332,-0.46080387,-0.45516606,1237.35,8081.76,1.5544E-04
8,11,5s 5d,1D2,5p2,3P2,M3,35.50070,-0.46080387,-0.45516606,1237.35,8081.76,4.6857E-20
8,12,5s 5d,1D2,4d2,1D2,E2,89.45202,-0.46080387,-0.45022301,2322.23,4306.21,1.2104E-02
8,12,5s 5d,1D2,4d2,1D2,M1,0.02022,-0.46080387,-0.45022301,2322.23,4306.21,2.7618E-05
8,12,5s 5d,1D2,4d2,1D2,M3,286.18848,-0.46080387,-0.45022301,2322.23,4306.21,2.4973E-16
8,13,5s 5d,1D2,5s 7s,3S1,E2,-5.81970,-0.46080387,-0.44854123,2691.34,3715.62,1.7853E-04
8,13,5s 5d,1D2,5s 7s,3S1,M1,0.00086,-0.46080387,-0.44854123,2691.34,3715.62,1.2828E-07
8,13,5s 5d,1D2,5s 7s,3S1,M3,631.77945,-0.46080387,-0.44854123,2691.34,3715.62,5.6963E-15
8,14,5s 5d,1D2,4d2,3F2,E2,-6.63797,-0.46080387,-0.44654280,3129.94,3194.95,2.9647E-04
8,14,5s 5d,1D2,4d2,3F2,M1,0.01374,-0.46080387,-0.44654280,3129.94,3194.95,3.1232E-05
8,14,5s 5d,1D2,4d2,3F2,M3,-30.82713,-0.46080387,-0.44654280,3129.94,3194.95,2.3413E-17
8,15,5s 5d,1D2,4d2,3F3,E2,0.83705,-0.46080387,-0.44613337,3219.80,3105.78,3.8793E-06
8,15,5s 5d,1D2,4d2,3F3,M1,-0.02095,-0.46080387,-0.44613337,3219.80,3105.78,5.6439E-05
8,15,5s 5d,1D2,4d2,3F3,M3,33.93907,-0.46080387,-0.44613337,3219.80,3105.78,2.4712E-17
8,16,5s 5d,1D2,4d2,3F4,E2,0.84480,-0.46080387,-0.44555683,3346.34,2988.34,3.7266E-06
8,16,5s 5d,1D2,4d2,3F4,M3,-52.77035,-0.46080387,-0.44555683,3346.34,2988.34,6.0861E-17
8,17,5s 5d,1D2,5s 7d,3D1,E2,2.79116,-0.46080387,-0.43820374,4960.15,2016.07,8.7322E-04
8,17,5s 5d,1D2,5s 7d,3D1,M1,0.00322,-0.46080387,-0.43820374,4960.15,2016.07,1.1383E-05
8,17,5s 5d,1D2,5s 7d,3D1,M3,88.76896,-0.46080387,-0.43820374,4960.15,2016.07,8.1223E-15
8,18,5s 5d,1D2,5s 7d,3D2,E2,-25.84388,-0.46080387,-0.43818039,4965.28,2013.99,4.5150E-02
8,18,5s 5d,1D2,5s 7d,3D2,M1,0.00194,-0.46080387,-0.43818039,4965.28,2013.99,2.4865E-06
8,18,5s 5d,1D2,5s 7d,3D2,M3,188.79103,-0.46080387,-0.43818039,4965.28,2013.99,2.2203E-14
8,19,5s 5d,1D2,5s 7d,3D3,E2,2.89910,-0.46080387,-0.43812290,4977.90,2008.88,4.1101E-04
8,19,5s 5d,1D2,5s 7d,3D3,M1,0.00350,-0.46080387,-0.43812290,4977.90,2008.88,5.8295E-06
8,19,5s 5d,1D2,5s 7d,3D3,M3,-413.02342,-0.46080387,-0.43812290,4977.90,2008.88,7.7265E-14
8,20,5s 5d,1D2,5s 7d,1D2,E2,-104.80666,-0.46080387,-0.43796776,5011.95,1995.23,7.7810E-01
8,20,5s 5d,1D2,5s 7d,1D2,M1,0.00010,-0.46080387,-0.43796776,5011.95,1995.23,6.1671E-09
8,20,5s 5d,1D2,5s 7d,1D2,M3,-353.85488,-0.46080387,-0.43796776,5011.95,1995.23,8.3279E-14
8,21,5s 5d,1D2,5s 9s,3S1,E2,0.28869,-0.46080387,-0.43330339,6035.66,1656.82,2.4921E-05
8,21,5s 5d,1D2,5s 9s,3S1,M1,-0.00019,-0.46080387,-0.43330339,6035.66,1656.82,6.8304E-08
8,21,5s 5d,1D2,5s 9s,3S1,M3,-30.53228,-0.46080387,-0.43330339,6035.66,1656.82,3.7956E-15
8,22,5s 5d,1D2,4d2,1G4,E2,14.06383,-0.46080387,-0.43268917,6170.46,1620.62,2.2017E-02
8,22,5s 5d,1D2,4d2,1G4,M3,17.65957,-0.46080387,-0.43268917,6170.46,1620.62,4.9403E-16
8,23,5s 5d,1D2,5s 6g,3G3,E2,3.97455,-0.46080387,-0.42987284,6788.58,1473.06,3.6439E-03
8,23,5s 5d,1D2,5s 6g,3G3,M1,-0.00004,-0.46080387,-0.42987284,6788.58,1473.06,2.0041E-09
8,23,5s 5d,1D2,5s 6g,3G3,M3,106.02894,-0.46080387,-0.42987284,6788.58,1473.06,4.4669E-14
8,24,5s 5d,1D2,5s 6g,1G4,E2,-43.68184,-0.46080387,-0.42987187,6788.79,1473.02,3.4239E-01
8,24,5s 5d,1D2,5s 6g,1G4,M3,-506.50926,-0.46080387,-0.42987187,6788.79,1473.02,7.9303E-13
9,1,5s 5d,3D1,5s 4d,3D1,E2,9.07641,-0.45952260,-0.53770844,-17159.81,582.76,4.5758E+00
9,1,5s 5d,3D1,5s 4d,3D1,M1,0.00000,-0.45952260,-0.53770844,-17159.81,582.76,6.1637E-10
9,2,5s 5d,3D1,5s 4d,3D2,E2,-12.20835,-0.45952260,-0.53739422,-17090.85,585.11,8.1135E+00
9,2,5s 5d,3D1,5s 4d,3D2,M1,0.00375,-0.45952260,-0.53739422,-17090.85,585.11,6.3087E-04
9,2,5s 5d,3D1,5s 4d,3D2,M3,-7.16830,-0.45952260,-0.53739422,-17090.85,585.11,3.0540E-13
9,3,5s 5d,3D1,5s 4d,3D3,E2,4.38696,-0.45952260,-0.53686660,-16975.05,589.10,1.0126E+00
9,3,5s 5d,3D1,5s 4d,3D3,M3,-9.85952,-0.45952260,-0.53686660,-16975.05,589.10,5.5091E-13
9,4,5s 5d,3D1,5s 4d,1D2,E2,-0.76725,-0.45952260,-0.52758744,-14938.51,669.41,1.6349E-02
9,4,5s 5d,3D1,5s 4d,1D2,M1,0.00729,-0.45952260,-0.52758744,-14938.51,669.41,1.5921E-03
9,4,5s 5d,3D1,5s 4d,1D2,M3,18.31772,-0.45952260,-0.52758744,-14938.51,669.41,7.7729E-13
9,5,5s 5d,3D1,5s 6s,3S1,E2,-103.58712,-0.45952260,-0.48685600,-5998.99,1666.95,3.1123E+00
9,5,5s 5d,3D1,5s 6s,3S1,M1,0.00020,-0.45952260,-0.48685600,-5998.99,1666.95,7.8299E-08
9,6,5s 5d,3D1,5s 5d,1D2,E2,-4.48776,-0.45952260,-0.46080387,-281.21,35561.09,1.3221E-09
9,6,5s 5d,3D1,5s 5d,1D2,M1,0.07758,-0.45952260,-0.46080387,-281.21,35561.09,1.2034E-06
9,6,5s 5d,3D1,5s 5d,1D2,M3,-148.45996,-0.45952260,-0.46080387,-281.21,35561.09,4.2764E-23
9,7,5s 5d,3D1,5s 5d,3D1,E2,-95.50734,-0.45952260,-0.45952260,-0.00,337789082955.28,7.7432E-42
9,7,5s 5d,3D1,5s 5d,3D1,M1,-1.22600,-0.45952260,-0.45952260,-0.00,337789082955.28,3.5064E-25
9,8,5s 5d,3D1,5s 5d,3D2,E2,-123.51704,-0.45952260,-0.45945159,15.58,641652.07,3.1418E-13
9,8,5s 5d,3D1,5s 5d,3D2,M1,2.11933,-0.45952260,-0.45945159,15.58,641652.07,9.1720E-08
9,8,5s 5d,3D1,5s 5d,3D2,M3,-61.99090,-0.45952260,-0.45945159,15.58,641652.07,7.1845E-33
9,9,5s 5d,3D1,5s 5d,3D3,E2,-41.82862,-0.45952260,-0.45934550,38.87,257285.15,2.4830E-12
9,9,5s 5d,3D1,5s 5d,3D3,M3,93.17850,-0.45952260,-0.45934550,38.87,257285.15,6.9573E-30
9,10,5s 5d,3D1,5p2,3P1,E2,3.51067,-0.45952260,-0.45638817,687.93,14536.41,7.0888E-08
9,10,5s 5d,3D1,5p2,3P1,M1,-0.05393,-0.45952260,-0.45638817,687.93,14536.41,8.5146E-06
9,11,5s 5d,3D1,5p2,3P2,E2,3.69125,-0.45952260,-0.45516606,956.15,10458.62,2.4390E-07
9,11,5s 5d,3D1,5p2,3P2,M1,-0.01720,-0.45952260,-0.45516606,956.15,10458.62,1.3954E-06
9,11,5s 5d,3D1,5p2,3P2,M3,-9.55414,-0.45952260,-0.45516606,956.15,10458.62,5.5834E-22
9,12,5s 5d,3D1,4d2,1D2,E2,1.22076,-0.45952260,-0.45022301,2041.02,4899.51,1.1823E-06
9,12,5s 5d,3D1,4d2,1D2,M1,-0.01905,-0.45952260,-0.45022301,2041.02,4899.51,1.6639E-05
9,12,5s 5d,3D1,4d2,1D2,M3,-77.77826,-0.45952260,-0.45022301,2041.02,4899.51,7.4729E-18
9,13,5s 5d,3D1,5s 7s,3S1,E2,131.88570,-0.45952260,-0.44854123,2410.13,4149.15,5.2805E-02
9,13,5s 5d,3D1,5s 7s,3S1,M1,-0.00005,-0.45952260,-0.44854123,2410.13,4149.15,2.6326E-10
9,14,5s 5d,3D1,4d2,3F2,E2,2.15700,-0.45952260,-0.44654280,2848.74,3510.33,1.9552E-05
9,14,5s 5d,3D1,4d2,3F2,M1,0.00011,-0.45952260,-0.44654280,2848.74,3510.33,1.4159E-09
9,14,5s 5d,3D1,4d2,3F2,M3,3.63194,-0.45952260,-0.44654280,2848.74,3510.33,1.6814E-19
9,15,5s 5d,3D1,4d2,3F3,E2,-2.09096,-0.45952260,-0.44613337,2938.60,3402.99,1.5328E-05
9,15,5s 5d,3D1,4d2,3F3,M3,7.29070,-0.45952260,-0.44613337,2938.60,3402.99,6.0149E-19
9,16,5s 5d,3D1,4d2,3F4,M3,-6.54679,-0.45952260,-0.44555683,3065.13,3262.50,5.0672E-19
9,17,5s 5d,3D1,5s 7d,3D1,E2,65.04088,-0.45952260,-0.43820374,4678.95,2137.23,3.5415E-01
9,17,5s 5d,3D1,5s 7d,3D1,M1,0.00014,-0.45952260,-0.43820374,4678.95,2137.23,1.7167E-08
9,18,5s 5d,3D1,5s 7d,3D2,E2,81.96929,-0.45952260,-0.43818039,4684.07,2134.89,3.3935E-01
9,18,5s 5d,3D1,5s 7d,3D2,M1,0.00326,-0.45952260,-0.43818039,4684.07,2134.89,5.8994E-06
9,18,5s 5d,3D1,5s 7d,3D2,M3,65.83626,-0.45952260,-0.43818039,4684.07,2134.89,1.7953E-15
9,19,5s 5d,3D1,5s 7d,3D3,E2,-28.05144,-0.45952260,-0.43812290,4696.69,2129.16,2.8772E-02
9,19,5s 5d,3D1,5s 7d,3D3,M3,63.75503,-0.45952260,-0.43812290,4696.69,2129.16,1.2254E-15
9,20,5s 5d,3D1,5s 7d,1D2,E2,-17.18280,-0.45952260,-0.43796776,4730.74,2113.83,1.5670E-02
9,20,5s 5d,3D1,5s 7d,1D2,M1,-0.00725,-0.45952260,-0.43796776,4730.74,2113.83,3.0047E-05
9,20,5s 5d,3D1,5s 7d,1D2,M3,92.07094,-0.45952260,-0.43796776,4730.74,2113.83,3.7635E-15
9,21,5s 5d,3D1,5s 9s,3S1,E2,-3.16945,-0.45952260,-0.43330339,5754.45,1737.79,2.3663E-03
9,21,5s 5d,3D1,5s 9s,3S1,M1,0.00006,-0.45952260,-0.43330339,5754.45,1737.79,5.4656E-09
9,22,5s 5d,3D1,4d2,1G4,M3,-45.26215,-0.45952260,-0.43268917,5889.26,1698.01,2.3413E-15
9,23,5s 5d,3D1,5s 6g,3G3,E2,218.23795,-0.45952260,-0.42987284,6507.37,1536.72,8.8918E+00
9,23,5s 5d,3D1,5s 6g,3G3,M3,365.92694,-0.45952260,-0.42987284,6507.37,1536.72,3.9567E-13
9,24,5s 5d,3D1,5s 6g,1G4,M3,647.12275,-0.45952260,-0.42987187,6507.58,1536.67,9.6267E-13
10,1,5s 5d,3D2,5s 4d,3D1,E2,-11.83511,-0.45945159,-0.53770844,-17175.39,582.23,4.6893E+00
10,1,5s 5d,3D2,5s 4d,3D1,M1,-0.00428,-0.45945159,-0.53770844,-17175.39,582.23,5.0065E-04
10,1,5s 5d,3D2,5s 4d,3D1,M3,-5.84472,-0.45945159,-0.53770844,-17175.39,582.23,1.2610E-13
10,2,5s 5d,3D2,5s 4d,3D2,E2,-9.81498,-0.45945159,-0.53739422,-17106.43,584.58,3.1609E+00
10,2,5s 5d,3D2,5s 4d,3D2,M1,0.00018,-0.45945159,-0.53739422,-17106.43,584.58,8.6373E-07
10,2,5s 5d,3D2,5s 4d,3D2,M3,-57.80965,-0.45945159,-0.53739422,-17106.43,584.58,1.1994E-11
10,3,5s 5d,3D2,5s 4d,3D3,E2,13.44508,-0.45945159,-0.53686660,-16990.63,588.56,5.7333E+00
10,3,5s 5d,3D2,5s 4d,3D3,M1,-0.00601,-0.45945159,-0.53686660,-16990.63,588.56,9.5597E-04
10,3,5s 5d,3D2,5s 4d,3D3,M3,48.32911,-0.45945159,-0.53686660,-16990.63,588.56,7.9933E-12
10,4,5s 5d,3D2,5s 4d,1D2,E2,-1.96698,-0.45945159,-0.52758744,-14954.09,668.71,6.4808E-02
10,4,5s 5d,3D2,5s 4d,1D2,M1,-0.00340,-0.45945159,-0.52758744,-14954.09,668.71,2.0814E-04
10,4,5s 5d,3D2,5s 4d,1D2,M3,-62.23553,-0.45945159,-0.52758744,-14954.09,668.71,5.4230E-12
10,5,5s 5d,3D2,5s 6s,3S1,E2,-133.70245,-0.45945159,-0.48685600,-6014.57,1662.63,3.1516E+00
10,5,5s 5d,3D2,5s 6s,3S1,M1,-0.00024,-0.45945159,-0.48685600,-6014.57,1662.63,6.8500E-08
10,5,5s 5d,3D2,5s 6s,3S1,M3,-518.56699,-0.45945159,-0.48685600,-6014.57,1662.63,6.4104E-13
10,6,5s 5d,3D2,5s 5d,1D2,E2,1.65591,-0.45945159,-0.46080387,-296.79,33693.74,1.4143E-10
10,6,5s 5d,3D2,5s 5d,1D2,M1,-0.03091,-0.45945159,-0.46080387,-296.79,33693.74,1.3472E-07
10,6,5s 5d,3D2,5s 5d,1D2,M3,452.62260,-0.45945159,-0.46080387,-296.79,33693.74,3.4791E-22
10,7,5s 5d,3D2,5s 5d,3D1,E2,123.51742,-0.45945159,-0.45952260,-15.58,641649.34,3.1419E-13
10,7,5s 5d,3D2,5s 5d,3D1,M1,-2.11933,-0.45945159,-0.45952260,-15.58,641649.34,9.1721E-08
10,7,5s 5d,3D2,5s 5d,3D1,M3,61.98958,-0.45945159,-0.45952260,-15.58,641649.34,7.1844E-33
10,8,5s 5d,3D2,5s 5d,3D2,E2,-104.66314,-0.45945159,-0.45945159,-0.00,273095937675.33,1.6153E-41
10,8,5s 5d,3D2,5s 5d,3D2,M1,-6.38977,-0.45945159,-0.45945159,-0.00,273095937675.33,1.0814E-23
10,8,5s 5d,3D2,5s 5d,3D2,M3,-657.66698,-0.45945159,-0.45945159,-0.00,273095937675.33,3.1963E-70
10,9,5s 5d,3D2,5s 5d,3D3,E2,-132.61297,-0.45945159,-0.45934550,23.28,429505.77,1.9250E-12
10,9,5s 5d,3D2,5s 5d,3D3,M1,2.15785,-0.45945159,-0.45934550,23.28,429505.77,2.2645E-07
10,9,5s 5d,3D2,5s 5d,3D3,M3,-512.15111,-0.45945159,-0.45934550,23.28,429505.77,5.8173E-30
10,10,5s 5d,3D2,5p2,3P1,E2,-1.12512,-0.45945159,-0.45638817,672.34,14873.36,6.4927E-09
10,10,5s 5d,3D2,5p2,3P1,M1,0.00768,-0.45945159,-0.45638817,672.34,14873.36,1.6131E-07
10,10,5s 5d,3D2,5p2,3P1,M3,-0.84019,-0.45945159,-0.45638817,672.34,14873.36,6.1176E-25
10,11,5s 5d,3D2,5p2,3P2,E2,3.55448,-0.45945159,-0.45516606,940.56,10631.92,2.0832E-07
10,11,5s 5d,3D2,5p2,3P2,M1,-0.04443,-0.45945159,-0.45516606,940.56,10631.92,8.8615E-06
10,11,5s 5d,3D2,5p2,3P2,M3,80.68178,-0.45945159,-0.45516606,940.56,10631.92,3.5490E-20
10,12,5s 5d,3D2,4d2,1D2,E2,3.72972,-0.45945159,-0.45022301,2025.44,4937.20,1.0621E-05
10,12,5s 5d,3D2,4d2,1D2,M1,0.01644,-0.45945159,-0.45022301,2025.44,4937.20,1.2114E-05
10,12,5s 5d,3D2,4d2,1D2,M3,265.22255,-0.45945159,-0.45022301,2025.44,4937.20,8.2355E-17
10,13,5s 5d,3D2,5s 7s,3S1,E2,171.00934,-0.45945159,-0.44854123,2394.55,4176.16,8.5948E-02
10,13,5s 5d,3D2,5s 7s,3S1,M1,0.00033,-0.45945159,-0.44854123,2394.55,4176.16,1.3096E-08
10,13,5s 5d,3D2,5s 7s,3S1,M3,662.37283,-0.45945159,-0.44854123,2394.55,4176.16,2.7635E-15
10,14,5s 5d,3D2,4d2,3F2,E2,-2.03192,-0.45945159,-0.44654280,2833.15,3529.64,1.6881E-05
10,14,5s 5d,3D2,4d2,3F2,M1,0.00130,-0.45945159,-0.44654280,2833.15,3529.64,2.0711E-07
10,14,5s 5d,3D2,4d2,3F2,M3,-15.32496,-0.45945159,-0.44654280,2833.15,3529.64,2.8809E-18
10,15,5s 5d,3D2,4d2,3F3,E2,-2.44471,-0.45945159,-0.44613337,2923.01,3421.13,2.0404E-05
10,15,5s 5d,3D2,4d2,3F3,M1,-0.00158,-0.45945159,-0.44613337,2923.01,3421.13,2.4027E-07
10,15,5s 5d,3D2,4d2,3F3,M3,-7.47956,-0.45945159,-0.44613337,2923.01,3421.13,6.0993E-19
10,16,5s 5d,3D2,4d2,3F4,E2,2.30189,-0.45945159,-0.44555683,3049.55,3279.17,1.7390E-05
10,16,5s 5d,3D2,4d2,3F4,M3,-5.06126,-0.45945159,-0.44555683,3049.55,3279.17,2.9224E-19
10,17,5s 5d,3D2,5s 7d,3D1,E2,-84.55793,-0.45945159,-0.43820374,4663.36,2144.37,5.8868E-01
10,17,5s 5d,3D2,5s 7d,3D1,M1,0.00473,-0.45945159,-0.43820374,4663.36,2144.37,2.0362E-05
10,17,5s 5d,3D2,5s 7d,3D1,M3,-41.33853,-0.45945159,-0.43820374,4663.36,2144.37,1.1437E-15
10,18,5s 5d,3D2,5s 7d,3D2,E2,68.77231,-0.45945159,-0.43818039,4668.49,2142.02,2.3493E-01
10,18,5s 5d,3D2,5s 7d,3D2,M1,0.00086,-0.45945159,-0.43818039,4668.49,2142.02,4.0969E-07
10,18,5s 5d,3D2,5s 7d,3D2,M3,353.57333,-0.45945159,-0.43818039,4668.49,2142.02,5.0586E-14
10,19,5s 5d,3D2,5s 7d,3D3,E2,-89.47350,-0.45945159,-0.43812290,4681.10,2136.25,2.8789E-01
10,19,5s 5d,3D2,5s 7d,3D3,M1,-0.00720,-0.45945159,-0.43812290,4681.10,2136.25,2.0484E-05
10,19,5s 5d,3D2,5s 7d,3D3,M3,-343.16939,-0.45945159,-0.43812290,4681.10,2136.25,3.4687E-14
10,20,5s 5d,3D2,5s 7d,1D2,E2,-18.46530,-0.45945159,-0.43796776,4715.15,2120.82,1.7800E-02
10,20,5s 5d,3D2,5s 7d,1D2,M1,0.00292,-0.45945159,-0.43796776,4715.15,2120.82,4.8207E-06
10,20,5s 5d,3D2,5s 7d,1D2,M3,-422.88988,-0.45945159,-0.43796776,4715.15,2120.82,7.7583E-14
10,21,5s 5d,3D2,5s 9s,3S1,E2,-3.85967,-0.45945159,-0.43330339,5738.87,1742.50,3.4618E-03
10,21,5s 5d,3D2,5s 9s,3S1,M1,-0.00009,-0.45945159,-0.43330339,5738.87,1742.50,1.4845E-08
10,21,5s 5d,3D2,5s 9s,3S1,M3,-15.15064,-0.45945159,-0.43330339,5738.87,1742.50,6.5665E-16
10,22,5s 5d,3D2,4d2,1G4,E2,-0.03205,-0.45945159,-0.43268917,5873.67,1702.51,8.9381E-08
10,22,5s 5d,3D2,4d2,1G4,M3,43.14318,-0.45945159,-0.43268917,5873.67,1702.51,2.0881E-15
10,23,5s 5d,3D2,5s 6g,3G3,E2,-115.47809,-0.45945159,-0.42987284,6491.78,1540.41,2.4599E+00
10,23,5s 5d,3D2,5s 6g,3G3,M1,0.00007,-0.45945159,-0.42987284,6491.78,1540.41,5.7904E-09
10,23,5s 5d,3D2,5s 6g,3G3,M3,-255.84611,-0.45945159,-0.42987284,6491.78,1540.41,1.9020E-13
10,24,5s 5d,3D2,5s 6g,1G4,E2,-253.65909,-0.45945159,-0.42987187,6492.00,1540.36,9.2331E+00
10,24,5s 5d,3D2,5s 6g,1G4,M3,-1356.34502,-0.45945159,-0.42987187,6492.00,1540.36,4.1587E-12
11,1,5s 5d,3D3,5s 4d,3D1,E2,-4.03433,-0.45934550,-0.53770844,-17198.68,581.44,3.9185E-01
11,1,5s 5d,3D3,5s 4d,3D1,M3,9.69116,-0.45934550,-0.53770844,-17198.68,581.44,2.4999E-13
11,2,5s 5d,3D3,5s 4d,3D2,E2,-12.83861,-0.45934550,-0.53739422,-17129.71,583.78,3.8894E+00
11,2,5s 5d,3D3,5s 4d,3D2,M1,-0.00654,-0.45934550,-0.53739422,-17129.71,583.78,8.2923E-04
11,2,5s 5d,3D3,5s 4d,3D2,M3,-42.69682,-0.45934550,-0.53739422,-17129.71,583.78,4.7179E-12
11,3,5s 5d,3D3,5s 4d,3D3,E2,-20.16616,-0.45934550,-0.53686660,-17013.91,587.75,9.2762E+00
11,3,5s 5d,3D3,5s 4d,3D3,M1,-0.00019,-0.45934550,-0.53686660,-17013.91,587.75,6.8050E-07
11,3,5s 5d,3D3,5s 4d,3D3,M3,-141.39486,-0.45934550,-0.53686660,-17013.91,587.75,4.9341E-11
11,4,5s 5d,3D3,5s 4d,1D2,E2,-0.80346,-0.45934550,-0.52758744,-14977.37,667.67,7.7841E-03
11,4,5s 5d,3D3,5s 4d,1D2,M1,0.00659,-0.45934550,-0.52758744,-14977.37,667.67,5.6195E-04
11,4,5s 5d,3D3,5s 4d,1D2,M3,-86.76603,-0.45934550,-0.52758744,-14977.37,667.67,7.6113E-12
11,5,5s 5d,3D3,5s 6s,3S1,E2,158.49319,-0.45934550,-0.48685600,-6037.86,1656.22,3.2250E+00
11,5,5s 5d,3D3,5s 6s,3S1,M3,709.31605,-0.45934550,-0.48685600,-6037.86,1656.22,8.8018E-13
11,6,5s 5d,3D3,5s 5d,1D2,E2,-4.81078,-0.45934550,-0.46080387,-320.07,31242.81,1.2439E-09
11,6,5s 5d,3D3,5s 5d,1D2,M1,0.08085,-0.45934550,-0.46080387,-320.07,31242.81,8.2584E-07
11,6,5s 5d,3D3,5s 5d,1D2,M3,695.80145,-0.45934550,-0.46080387,-320.07,31242.81,9.9640E-22
11,7,5s 5d,3D3,5s 5d,3D1,E2,41.82865,-0.45934550,-0.45952260,-38.87,257284.77,2.4830E-12
11,7,5s 5d,3D3,5s 5d,3D1,M3,-93.17828,-0.45934550,-0.45952260,-38.87,257284.77,6.9573E-30
11,8,5s 5d,3D3,5s 5d,3D2,E2,-132.61253,-0.45934550,-0.45945159,-23.28,429504.58,1.9250E-12
11,8,5s 5d,3D3,5s 5d,3D2,M1,2.15785,-0.45934550,-0.45945159,-23.28,429504.58,2.2645E-07
11,8,5s 5d,3D3,5s 5d,3D2,M3,-512.13970,-0.45934550,-0.45945159,-23.28,429504.58,5.8172E-30
11,9,5s 5d,3D3,5s 5d,3D3,E2,206.23256,-0.45934550,-0.45934550,-0.00,353442068483.02,1.2337E-41
11,9,5s 5d,3D3,5s 5d,3D3,M1,12.21984,-0.45934550,-0.45934550,-0.00,353442068483.02,1.3032E-23
11,9,5s 5d,3D3,5s 5d,3D3,M3,1468.78062,-0.45934550,-0.45934550,-0.00,353442068483.02,1.8724E-70
11,10,5s 5d,3D3,5p2,3P1,E2,-4.72466,-0.45934550,-0.45638817,649.06,15406.89,9.5994E-08
11,10,5s 5d,3D3,5p2,3P1,M3,-9.04691,-0.45934550,-0.45638817,649.06,15406.89,5.5422E-23
11,11,5s 5d,3D3,5p2,3P2,E2,4.30988,-0.45934550,-0.45516606,917.28,10901.78,2.7019E-07
11,11,5s 5d,3D3,5p2,3P2,M1,-0.05260,-0.45934550,-0.45516606,917.28,10901.78,1.1518E-05
11,11,5s 5d,3D3,5p2,3P2,M3,105.32384,-0.45934550,-0.45516606,917.28,10901.78,5.0747E-20
11,12,5s 5d,3D3,4d2,1D2,E2,1.04821,-0.45934550,-0.45022301,2002.15,4994.62,7.9180E-07
11,12,5s 5d,3D3,4d2,1D2,M1,-0.01389,-0.45934550,-0.45022301,2002.15,4994.62,8.3551E-06
11,12,5s 5d,3D3,4d2,1D2,M3,398.22177,-0.45934550,-0.45022301,2002.15,4994.62,1.7123E-16
11,13,5s 5d,3D3,5s 7s,3S1,E2,-204.03184,-0.45934550,-0.44854123,2371.26,4217.16,1.1651E-01
11,13,5s 5d,3D3,5s 7s,3S1,M3,-911.88037,-0.45934550,-0.44854123,2371.26,4217.16,4.8913E-15
11,14,5s 5d,3D3,4d2,3F2,E2,-0.54293,-0.45934550,-0.44654280,2809.87,3558.88,1.1565E-06
11,14,5s 5d,3D3,4d2,3F2,M1,0.00093,-0.45934550,-0.44654280,2809.87,3558.88,1.0462E-07
11,14,5s 5d,3D3,4d2,3F2,M3,-26.76149,-0.45934550,-0.44654280,2809.87,3558.88,8.2921E-18
11,15,5s 5d,3D3,4d2,3F3,E2,-1.73266,-0.45934550,-0.44613337,2899.73,3448.60,9.8473E-06
11,15,5s 5d,3D3,4d2,3F3,M1,0.00097,-0.45934550,-0.44613337,2899.73,3448.60,8.8285E-08
11,15,5s 5d,3D3,4d2,3F3,M3,0.38573,-0.45934550,-0.44613337,2899.73,3448.60,1.5339E-21
11,16,5s 5d,3D3,4d2,3F4,E2,-3.72285,-0.45934550,-0.44555683,3026.26,3304.40,4.3777E-05
11,16,5s 5d,3D3,4d2,3F4,M1,-0.00111,-0.45934550,-0.44555683,3026.26,3304.40,1.0214E-07
11,16,5s 5d,3D3,4d2,3F4,M3,-16.54326,-0.45934550,-0.44555683,3026.26,3304.40,2.9591E-18
11,17,5s 5d,3D3,5s 7d,3D1,E2,-28.92370,-0.45934550,-0.43820374,4640.08,2155.13,6.7176E-02
11,17,5s 5d,3D3,5s 7d,3D1,M3,65.18292,-0.45934550,-0.43820374,4640.08,2155.13,2.7456E-15
11,18,5s 5d,3D3,5s 7d,3D2,E2,89.13463,-0.45934550,-0.43818039,4645.21,2152.76,3.8490E-01
11,18,5s 5d,3D3,5s 7d,3D2,M1,-0.00830,-0.45934550,-0.43818039,4645.21,2152.76,3.7249E-05
11,18,5s 5d,3D3,5s 7d,3D2,M3,214.63771,-0.45934550,-0.43818039,4645.21,2152.76,1.8001E-14
11,19,5s 5d,3D3,5s 7d,3D3,E2,140.19206,-0.45934550,-0.43812290,4657.82,2146.93,6.8939E-01
11,19,5s 5d,3D3,5s 7d,3D3,M1,0.00007,-0.45934550,-0.43812290,4657.82,2146.93,1.9538E-09
11,19,5s 5d,3D3,5s 7d,3D3,M3,996.37169,-0.45934550,-0.43812290,4657.82,2146.93,2.8238E-13
11,20,5s 5d,3D3,5s 7d,1D2,E2,-18.66016,-0.45934550,-0.43796776,4691.87,2131.35,1.7733E-02
11,20,5s 5d,3D3,5s 7d,1D2,M1,-0.00470,-0.45934550,-0.43796776,4691.87,2131.35,1.2314E-05
11,20,5s 5d,3D3,5s 7d,1D2,M3,-571.95363,-0.45934550,-0.43796776,4691.87,2131.35,1.3708E-13
11,21,5s 5d,3D3,5s 9s,3S1,E2,4.15727,-0.45934550,-0.43330339,5715.58,1749.60,3.9355E-03
11,21,5s 5d,3D3,5s 9s,3S1,M3,18.89471,-0.45934550,-0.43330339,5715.58,1749.60,9.9264E-16
11,22,5s 5d,3D3,4d2,1G4,E2,-0.23540,-0.45934550,-0.43268917,5850.39,1709.29,4.7262E-06
11,22,5s 5d,3D3,4d2,1G4,M1,0.00001,-0.45934550,-0.43268917,5850.39,1709.29,4.6785E-11
11,22,5s 5d,3D3,4d2,1G4,M3,29.35324,-0.45934550,-0.43268917,5850.39,1709.29,9.4010E-16
11,23,5s 5d,3D3,5s 6g,3G3,E2,-30.05268,-0.45934550,-0.42987284,6468.50,1545.95,1.6364E-01
11,23,5s 5d,3D3,5s 6g,3G3,M1,0.00003,-0.45934550,-0.42987284,6468.50,1545.95,7.7827E-10
11,23,5s 5d,3D3,5s 6g,3G3,M3,-47.44423,-0.45934550,-0.42987284,6468.50,1545.95,6.3783E-15
11,24,5s 5d,3D3,5s 6g,1G4,E2,-113.51780,-0.45934550,-0.42987187,6468.72,1545.90,1.8162E+00
11,24,5s 5d,3D3,5s 6g,1G4,M1,0.00009,-0.45934550,-0.42987187,6468.72,1545.90,5.9287E-09
11,24,5s 5d,3D3,5s 6g,1G4,M3,-715.49352,-0.45934550,-0.42987187,6468.72,1545.90,1.1285E-12
12,1,5p2,3P0,5s 4d,3D1,M1,0.00062,-0.45734351,-0.53770844,-17638.06,566.96,5.7540E-05
12,2,5p2,3P0,5s 4d,3D2,E2,-9.49631,-0.45734351,-0.53739422,-17569.10,569.18,1.6907E+01
12,3,5p2,3P0,5s 4d,3D3,M3,-23.38575,-0.45734351,-0.53686660,-17453.30,572.96,1.1294E-11
12,4,5p2,3P0,5s 4d,1D2,E2,1.65421,-0.45734351,-0.52758744,-15416.76,648.64,2.6690E-01
12,5,5p2,3P0,5s 6s,3S1,M1,0.00788,-0.45734351,-0.48685600,-6477.24,1543.87,4.5519E-04
12,6,5p2,3P0,5s 5d,1D2,E2,5.70261,-0.45734351,-0.46080387,-759.46,13167.26,9.2017E-07
12,7,5p2,3P0,5s 5d,3D1,M1,0.03073,-0.45734351,-0.45952260,-478.25,20909.42,2.7854E-06
12,8,5p2,3P0,5s 5d,3D2,E2,0.70445,-0.45734351,-0.45945159,-462.67,21613.75,1.1783E-09
12,9,5p2,3P0,5s 5d,3D3,M3,-47.40785,-0.45734351,-0.45934550,-439.39,22759.04,2.9746E-22
12,10,5p2,3P0,5p2,3P1,M1,1.39354,-0.45734351,-0.45638817,209.67,47692.98,1.6095E-04
12,11,5p2,3P0,5p2,3P2,E2,19.95778,-0.45734351,-0.45516606,477.90,20925.08,2.2239E-07
12,12,5p2,3P0,4d2,1D2,E2,8.64993,-0.45734351,-0.45022301,1562.77,6398.90,1.5622E-05
12,13,5p2,3P0,5s 7s,3S1,M1,-0.01668,-0.45734351,-0.44854123,1931.88,5176.31,1.8030E-05
12,14,5p2,3P0,4d2,3F2,E2,10.00036,-0.45734351,-0.44654280,2370.48,4218.55,1.6767E-04
12,15,5p2,3P0,4d2,3F3,M3,16.56796,-0.45734351,-0.44613337,2460.34,4064.47,8.9582E-19
12,17,5p2,3P0,5s 7d,3D1,M1,-0.00360,-0.45734351,-0.43820374,4200.70,2380.56,8.6565E-06
12,18,5p2,3P0,5s 7d,3D2,E2,-1.94083,-0.45734351,-0.43818039,4205.82,2377.66,1.1103E-04
12,19,5p2,3P0,5s 7d,3D3,M3,-58.23274,-0.45734351,-0.43812290,4218.44,2370.55,4.8207E-16
12,20,5p2,3P0,5s 7d,1D2,E2,-11.76817,-0.45734351,-0.43796776,4252.49,2351.57,4.3138E-03
12,21,5p2,3P0,5s 9s,3S1,M1,0.00373,-0.45734351,-0.43330339,5276.20,1895.30,1.8384E-05
12,23,5p2,3P0,5s 6g,3G3,M3,-0.62595,-0.45734351,-0.42987284,6029.12,1658.62,6.7853E-19
13,1,5p2,3P1,5s 4d,3D1,E2,11.51244,-0.45638817,-0.53770844,-17847.74,560.30,8.9604E+00
13,1,5p2,3P1,5s 4d,3D1,M1,0.00106,-0.45638817,-0.53770844,-17847.74,560.30,5.7296E-05
13,2,5p2,3P1,5s 4d,3D2,E2,4.66006,-0.45638817,-0.53739422,-17778.77,562.47,1.4400E+00
13,2,5p2,3P1,5s 4d,3D2,M1,0.00040,-0.45638817,-0.53739422,-17778.77,562.47,8.2553E-06
13,2,5p2,3P1,5s 4d,3D2,M3,55.48587,-0.45638817,-0.53739422,-17778.77,562.47,2.4119E-11
13,3,5p2,3P1,5s 4d,3D3,E2,-11.15824,-0.45638817,-0.53686660,-17662.97,566.16,7.9908E+00
13,3,5p2,3P1,5s 4d,3D3,M3,-3.78340,-0.45638817,-0.53686660,-17662.97,566.16,1.0713E-13
13,4,5p2,3P1,5s 4d,1D2,E2,-0.01047,-0.45638817,-0.52758744,-15626.43,639.94,3.8125E-06
13,4,5p2,3P1,5s 4d,1D2,M1,-0.00843,-0.45638817,-0.52758744,-15626.43,639.94,2.4378E-03
13,4,5p2,3P1,5s 4d,1D2,M3,-61.67091,-0.45638817,-0.52758744,-15626.43,639.94,1.2074E-11
13,5,5p2,3P1,5s 6s,3S1,E2,-2.26686,-0.45638817,-0.48685600,-6686.92,1495.46,2.5648E-03
13,5,5p2,3P1,5s 6s,3S1,M1,-0.00693,-0.45638817,-0.48685600,-6686.92,1495.46,1.2895E-04
13,6,5p2,3P1,5s 5d,1D2,E2,1.18725,-0.45638817,-0.46080387,-969.13,10318.51,4.4986E-08
13,6,5p2,3P1,5s 5d,1D2,M1,0.07349,-0.45638817,-0.46080387,-969.13,10318.51,4.4195E-05
13,6,5p2,3P1,5s 5d,1D2,M3,23.76555,-0.45638817,-0.46080387,-969.13,10318.51,6.3280E-21
13,7,5p2,3P1,5s 5d,3D1,E2,-3.51079,-0.45638817,-0.45952260,-687.93,14536.44,7.0892E-08
13,7,5p2,3P1,5s 5d,3D1,M1,0.05393,-0.45638817,-0.45952260,-687.93,14536.44,8.5145E-06
13,8,5p2,3P1,5s 5d,3D2,E2,-1.12510,-0.45638817,-0.45945159,-672.34,14873.39,6.4925E-09
13,8,5p2,3P1,5s 5d,3D2,M1,0.00768,-0.45638817,-0.45945159,-672.34,14873.39,1.6130E-07
13,8,5p2,3P1,5s 5d,3D2,M3,-0.83964,-0.45638817,-0.45945159,-672.34,14873.39,6.1095E-25
13,9,5p2,3P1,5s 5d,3D3,E2,-4.72456,-0.45638817,-0.45934550,-649.06,15406.92,9.5989E-08
13,9,5p2,3P1,5s 5d,3D3,M3,-9.04594,-0.45638817,-0.45934550,-649.06,15406.92,5.5409E-23
13,10,5p2,3P1,5p2,3P1,E2,16.36211,-0.45638817,-0.45638817,0.00,6996728929.49,5.9605E-35
13,10,5p2,3P1,5p2,3P1,M1,3.67305,-0.45638817,-0.45638817,0.00,6996728929.49,3.5415E-19
13,11,5p2,3P1,5p2,3P2,E2,-27.28916,-0.45638817,-0.45516606,268.22,37282.48,2.3157E-08
13,11,5p2,3P1,5p2,3P2,M1,-1.55993,-0.45638817,-0.45516606,268.22,37282.48,2.5332E-04
13,11,5p2,3P1,5p2,3P2,M3,-120.87429,-0.45638817,-0.45516606,268.22,37282.48,1.2217E-23
13,12,5p2,3P1,4d2,1D2,E2,4.93398,-0.45638817,-0.45022301,1353.10,7390.46,2.4732E-06
13,12,5p2,3P1,4d2,1D2,M1,0.24359,-0.45638817,-0.45022301,1353.10,7390.46,7.9301E-04
13,12,5p2,3P1,4d2,1D2,M3,-90.22319,-0.45638817,-0.45022301,1353.10,7390.46,5.6595E-19
13,13,5p2,3P1,5s 7s,3S1,E2,3.50311,-0.45638817,-0.44854123,1722.20,5806.51,6.9408E-06
13,13,5p2,3P1,5s 7s,3S1,M1,0.01467,-0.45638817,-0.44854123,1722.20,5806.51,9.8841E-06
13,14,5p2,3P1,4d2,3F2,E2,10.97122,-0.45638817,-0.44654280,2160.81,4627.89,1.2701E-04
13,14,5p2,3P1,4d2,3F2,M1,-0.01242,-0.45638817,-0.44654280,2160.81,4627.89,8.3965E-06
13,14,5p2,3P1,4d2,3F2,M3,31.18169,-0.45638817,-0.44654280,2160.81,4627.89,1.7904E-18
13,15,5p2,3P1,4d2,3F3,E2,15.62595,-0.45638817,-0.44613337,2250.67,4443.12,2.2561E-04
13,15,5p2,3P1,4d2,3F3,M3,66.80852,-0.45638817,-0.44613337,2250.67,4443.12,7.8083E-18
13,16,5p2,3P1,4d2,3F4,M3,20.40674,-0.45638817,-0.44555683,2377.21,4206.62,8.3096E-19
13,17,5p2,3P1,5s 7d,3D1,E2,6.11258,-0.45638817,-0.43820374,3991.02,2505.62,1.4124E-03
13,17,5p2,3P1,5s 7d,3D1,M1,-0.00639,-0.45638817,-0.43820374,3991.02,2505.62,2.3305E-05
13,18,5p2,3P1,5s 7d,3D2,E2,-1.83892,-0.45638817,-0.43818039,3996.15,2502.41,7.7190E-05
13,18,5p2,3P1,5s 7d,3D2,M1,0.00277,-0.45638817,-0.43818039,3996.15,2502.41,2.6496E-06
13,18,5p2,3P1,5s 7d,3D2,M3,-19.03311,-0.45638817,-0.43818039,3996.15,2502.41,4.9357E-17
13,19,5p2,3P1,5s 7d,3D3,E2,-5.02154,-0.45638817,-0.43812290,4008.76,2494.53,4.1766E-04
13,19,5p2,3P1,5s 7d,3D3,M3,-21.98714,-0.45638817,-0.43812290,4008.76,2494.53,4.8097E-17
13,20,5p2,3P1,5s 7d,1D2,E2,0.43632,-0.45638817,-0.43796776,4042.81,2473.53,4.6053E-06
13,20,5p2,3P1,5s 7d,1D2,M1,0.01201,-0.45638817,-0.43796776,4042.81,2473.53,5.1392E-05
13,20,5p2,3P1,5s 7d,1D2,M3,3.08782,-0.45638817,-0.43796776,4042.81,2473.53,1.4091E-18
13,21,5p2,3P1,5s 9s,3S1,E2,0.21193,-0.45638817,-0.43330339,5066.52,1973.74,5.5980E-06
13,21,5p2,3P1,5s 9s,3S1,M1,-0.00332,-0.45638817,-0.43330339,5066.52,1973.74,1.2855E-05
13,22,5p2,3P1,4d2,1G4,M3,-2.04607,-0.45638817,-0.43268917,5201.33,1922.59,2.0054E-18
13,23,5p2,3P1,5s 6g,3G3,E2,6.05844,-0.45638817,-0.42987284,5819.44,1718.38,3.9195E-03
13,23,5p2,3P1,5s 6g,3G3,M3,9.50960,-0.45638817,-0.42987284,5819.44,1718.38,1.2224E-16
13,24,5p2,3P1,5s 6g,1G4,M3,17.08273,-0.45638817,-0.42987187,5819.66,1718.31,3.0688E-16
14,1,5p2,3P2,5s 4d,3D1,E2,6.70441,-0.45516607,-0.53770844,-18115.96,552.00,1.9645E+00
14,1,5p2,3P2,5s 4d,3D1,M1,0.00074,-0.45516607,-0.53770844,-18115.96,552.00,1.7742E-05
14,1,5p2,3P2,5s 4d,3D1,M3,-24.86659,-0.45516607,-0.53770844,-18115.96,552.00,3.3151E-12
14,2,5p2,3P2,5s 4d,3D2,E2,13.20468,-0.45516607,-0.53739422,-18046.99,554.11,7.4767E+00
14,2,5p2,3P2,5s 4d,3D2,M1,0.00146,-0.45516607,-0.53739422,-18046.99,554.11,6.7995E-05
14,2,5p2,3P2,5s 4d,3D2,M3,46.51043,-0.45516607,-0.53739422,-18046.99,554.11,1.1292E-11
14,3,5p2,3P2,5s 4d,3D3,E2,15.77854,-0.45516607,-0.53686660,-17931.19,557.69,1.0337E+01
14,3,5p2,3P2,5s 4d,3D3,M1,-0.00123,-0.45516607,-0.53686660,-17931.19,557.69,4.6995E-05
14,3,5p2,3P2,5s 4d,3D3,M3,63.59106,-0.45516607,-0.53686660,-17931.19,557.69,2.0179E-11
14,4,5p2,3P2,5s 4d,1D2,E2,-1.16625,-0.45516607,-0.52758744,-15894.65,629.14,3.0908E-02
14,4,5p2,3P2,5s 4d,1D2,M1,-0.01431,-0.45516607,-0.52758744,-15894.65,629.14,4.4377E-03
14,4,5p2,3P2,5s 4d,1D2,M3,-80.35274,-0.45516607,-0.52758744,-15894.65,629.14,1.3855E-11
14,5,5p2,3P2,5s 6s,3S1,E2,3.25188,-0.45516607,-0.48685600,-6955.14,1437.79,3.8550E-03
14,5,5p2,3P2,5s 6s,3S1,M1,-0.00872,-0.45516607,-0.48685600,-6955.14,1437.79,1.3788E-04
14,5,5p2,3P2,5s 6s,3S1,M3,78.29987,-0.45516607,-0.48685600,-6955.14,1437.79,4.0411E-14
14,6,5p2,3P2,5s 5d,1D2,E2,-21.88671,-0.45516607,-0.46080387,-1237.35,8081.77,3.1121E-05
14,6,5p2,3P2,5s 5d,1D2,M1,0.12333,-0.45516607,-0.46080387,-1237.35,8081.77,1.5544E-04
14,6,5p2,3P2,5s 5d,1D2,M3,-35.50617,-0.45516607,-0.46080387,-1237.35,8081.77,4.6871E-20
14,7,5p2,3P2,5s 5d,3D1,E2,-3.69156,-0.45516607,-0.45952260,-956.15,10458.64,2.4393E-07
14,7,5p2,3P2,5s 5d,3D1,M1,0.01720,-0.45516607,-0.45952260,-956.15,10458.64,1.3954E-06
14,7,5p2,3P2,5s 5d,3D1,M3,9.55500,-0.45516607,-0.45952260,-956.15,10458.64,5.5844E-22
14,8,5p2,3P2,5s 5d,3D2,E2,3.55446,-0.45516607,-0.45945159,-940.56,10631.94,2.0831E-07
14,8,5p2,3P2,5s 5d,3D2,M1,-0.04443,-0.45516607,-0.45945159,-940.56,10631.94,8.8615E-06
14,8,5p2,3P2,5s 5d,3D2,M3,80.68832,-0.45516607,-0.45945159,-940.56,10631.94,3.5496E-20
14,9,5p2,3P2,5s 5d,3D3,E2,4.30998,-0.45516607,-0.45934550,-917.28,10901.80,2.7020E-07
14,9,5p2,3P2,5s 5d,3D3,M1,-0.05260,-0.45516607,-0.45934550,-917.28,10901.80,1.1518E-05
14,9,5p2,3P2,5s 5d,3D3,M3,105.33051,-0.45516607,-0.45934550,-917.28,10901.80,5.0753E-20
14,10,5p2,3P2,5p2,3P1,E2,-27.28918,-0.45516607,-0.45638817,-268.22,37282.92,2.3156E-08
14,10,5p2,3P2,5p2,3P1,M1,-1.55993,-0.45516607,-0.45638817,-268.22,37282.92,2.5331E-04
14,10,5p2,3P2,5p2,3P1,M3,-120.87468,-0.45516607,-0.45638817,-268.22,37282.92,1.2216E-23
14,11,5p2,3P2,5p2,3P2,E2,20.19365,-0.45516607,-0.45516606,0.00,5854130983.29,1.3285E-34
14,11,5p2,3P2,5p2,3P2,M1,-8.14232,-0.45516607,-0.45516606,0.00,5854130983.29,1.7827E-18
14,11,5p2,3P2,5p2,3P2,M3,92.85010,-0.45516607,-0.45516606,0.00,5854130983.29,3.0631E-60
14,12,5p2,3P2,4d2,1D2,E2,-18.26100,-0.45516607,-0.45022301,1084.88,9217.65,1.1225E-05
14,12,5p2,3P2,4d2,1D2,M1,0.41783,-0.45516607,-0.45022301,1084.88,9217.65,1.2026E-03
14,12,5p2,3P2,4d2,1D2,M3,-194.92867,-0.45516607,-0.45022301,1084.88,9217.65,5.6267E-19
14,13,5p2,3P2,5s 7s,3S1,E2,-5.51089,-0.45516607,-0.44854123,1453.98,6877.65,7.3675E-06
14,13,5p2,3P2,5s 7s,3S1,M1,0.01878,-0.45516607,-0.44854123,1453.98,6877.65,9.7490E-06
14,13,5p2,3P2,5s 7s,3S1,M3,-130.26416,-0.45516607,-0.44854123,1453.98,6877.65,3.2528E-18
14,14,5p2,3P2,4d2,3F2,E2,5.70810,-0.45516607,-0.44654280,1892.59,5283.76,1.7721E-05
14,14,5p2,3P2,4d2,3F2,M1,-0.01378,-0.45516607,-0.44654280,1892.59,5283.76,6.9484E-06
14,14,5p2,3P2,4d2,3F2,M3,25.43693,-0.45516607,-0.44654280,1892.59,5283.76,4.7116E-19
14,15,5p2,3P2,4d2,3F3,E2,11.36230,-0.45516607,-0.44613337,1982.45,5044.27,6.3247E-05
14,15,5p2,3P2,4d2,3F3,M1,-0.01066,-0.45516607,-0.44613337,1982.45,5044.27,3.4145E-06
14,15,5p2,3P2,4d2,3F3,M3,67.77809,-0.45516607,-0.44613337,1982.45,5044.27,3.3060E-18
14,16,5p2,3P2,4d2,3F4,E2,21.96250,-0.45516607,-0.44555683,2108.99,4741.62,2.5043E-04
14,16,5p2,3P2,4d2,3F4,M3,119.16468,-0.45516607,-0.44555683,2108.99,4741.62,1.2257E-17
14,17,5p2,3P2,5s 7d,3D1,E2,3.86119,-0.45516607,-0.43820374,3722.80,2686.15,3.9799E-04
14,17,5p2,3P2,5s 7d,3D1,M1,-0.00503,-0.45516607,-0.43820374,3722.80,2686.15,1.1732E-05
14,17,5p2,3P2,5s 7d,3D1,M3,-19.48109,-0.45516607,-0.43820374,3722.80,2686.15,5.2481E-17
14,18,5p2,3P2,5s 7d,3D2,E2,0.67961,-0.45516607,-0.43818039,3727.93,2682.46,7.4489E-06
14,18,5p2,3P2,5s 7d,3D2,M1,0.01012,-0.45516607,-0.43818039,3727.93,2682.46,2.8637E-05
14,18,5p2,3P2,5s 7d,3D2,M3,-61.19626,-0.45516607,-0.43818039,3727.93,2682.46,3.1373E-16
14,19,5p2,3P2,5s 7d,3D3,E2,2.31107,-0.45516607,-0.43812290,3740.54,2673.41,6.2575E-05
14,19,5p2,3P2,5s 7d,3D3,M1,-0.00889,-0.45516607,-0.43812290,3740.54,2673.41,1.5940E-05
14,19,5p2,3P2,5s 7d,3D3,M3,94.68645,-0.45516607,-0.43812290,3740.54,2673.41,5.4933E-16
14,20,5p2,3P2,5s 7d,1D2,E2,20.89447,-0.45516607,-0.43796776,3774.59,2649.29,7.4928E-03
14,20,5p2,3P2,5s 7d,1D2,M1,0.01961,-0.45516607,-0.43796776,3774.59,2649.29,1.1151E-04
14,20,5p2,3P2,5s 7d,1D2,M3,59.92872,-0.45516607,-0.43796776,3774.59,2649.29,3.2825E-16
14,21,5p2,3P2,5s 9s,3S1,E2,-0.52093,-0.45516607,-0.43330339,4798.30,2084.07,2.5768E-05
14,21,5p2,3P2,5s 9s,3S1,M1,-0.00432,-0.45516607,-0.43330339,4798.30,2084.07,1.8499E-05
14,21,5p2,3P2,5s 9s,3S1,M3,-10.75787,-0.45516607,-0.43330339,4798.30,2084.07,9.4570E-17
14,22,5p2,3P2,4d2,1G4,E2,-4.91359,-0.45516607,-0.43268917,4933.11,2027.12,8.7772E-04
14,22,5p2,3P2,4d2,1G4,M3,-20.61106,-0.45516607,-0.43268917,4933.11,2027.12,1.4048E-16
14,23,5p2,3P2,5s 6g,3G3,E2,3.89881,-0.45516607,-0.42987284,5551.22,1801.41,1.2821E-03
14,23,5p2,3P2,5s 6g,3G3,M1,-0.00005,-0.45516607,-0.42987284,5551.22,1801.41,1.7900E-09
14,23,5p2,3P2,5s 6g,3G3,M3,-7.68177,-0.45516607,-0.42987284,5551.22,1801.41,5.7326E-17
14,24,5p2,3P2,5s 6g,1G4,E2,17.18191,-0.45516607,-0.42987187,5551.44,1801.34,1.9370E-02
14,24,5p2,3P2,5s 6g,1G4,M3,136.14357,-0.45516607,-0.42987187,5551.44,1801.34,1.4009E-14
15,1,4d2,1D2,5s 4d,3D1,E2,2.69289,-0.45022301,-0.53770844,-19200.83,520.81,4.2390E-01
15,1,4d2,1D2,5s 4d,3D1,M1,0.00005,-0.45022301,-0.53770844,-19200.83,520.81,8.8536E-08
15,1,4d2,1D2,5s 4d,3D1,M3,15.79982,-0.45022301,-0.53770844,-19200.83,520.81,2.0109E-12
15,2,4d2,1D2,5s 4d,3D2,E2,-0.63753,-0.45022301,-0.53739422,-19131.87,522.69,2.3335E-02
15,2,4d2,1D2,5s 4d,3D2,M1,0.00029,-0.45022301,-0.53739422,-19131.87,522.69,3.2662E-06
15,2,4d2,1D2,5s 4d,3D2,M3,-56.96332,-0.45022301,-0.53739422,-19131.87,522.69,2.5488E-11
15,3,4d2,1D2,5s 4d,3D3,E2,3.18749,-0.45022301,-0.53686660,-19016.07,525.87,5.6589E-01
15,3,4d2,1D2,5s 4d,3D3,M1,-0.00017,-0.45022301,-0.53686660,-19016.07,525.87,1.0786E-06
15,3,4d2,1D2,5s 4d,3D3,M3,113.66394,-0.45022301,-0.53686660,-19016.07,525.87,9.7259E-11
15,4,4d2,1D2,5s 4d,1D2,E2,23.48172,-0.45022301,-0.52758744,-16979.53,588.94,1.7431E+01
15,4,4d2,1D2,5s 4d,1D2,M1,-0.00201,-0.45022301,-0.52758744,-16979.53,588.94,1.0686E-04
15,4,4d2,1D2,5s 4d,1D2,M3,-29.68131,-0.45022301,-0.52758744,-16979.53,588.94,3.0011E-12
15,5,4d2,1D2,5s 6s,3S1,E2,-0.99043,-0.45022301,-0.48685600,-8040.01,1243.78,7.3818E-04
15,5,4d2,1D2,5s 6s,3S1,M1,-0.00135,-0.45022301,-0.48685600,-8040.01,1243.78,5.1045E-06
15,5,4d2,1D2,5s 6s,3S1,M3,-259.85511,-0.45022301,-0.48685600,-8040.01,1243.78,1.2277E-12
15,6,4d2,1D2,5s 5d,1D2,E2,89.46398,-0.45022301,-0.46080387,-2322.23,4306.21,1.2107E-02
15,6,4d2,1D2,5s 5d,1D2,M1,0.02022,-0.45022301,-0.46080387,-2322.23,4306.21,2.7618E-05
15,6,4d2,1D2,5s 5d,1D2,M3,286.22616,-0.45022301,-0.46080387,-2322.23,4306.21,2.4980E-16
15,7,4d2,1D2,5s 5d,3D1,E2,1.22382,-0.45022301,-0.45952260,-2041.02,4899.50,1.1882E-06
15,7,4d2,1D2,5s 5d,3D1,M1,-0.01904,-0.45022301,-0.45952260,-2041.02,4899.50,1.6637E-05
15,7,4d2,1D2,5s 5d,3D1,M3,-77.79416,-0.45022301,-0.45952260,-2041.02,4899.50,7.4760E-18
15,8,4d2,1D2,5s 5d,3D2,E2,-3.73064,-0.45022301,-0.45945159,-2025.44,4937.20,1.0627E-05
15,8,4d2,1D2,5s 5d,3D2,M1,-0.01644,-0.45022301,-0.45945159,-2025.44,4937.20,1.2114E-05
15,8,4d2,1D2,5s 5d,3D2,M3,-265.28647,-0.45022301,-0.45945159,-2025.44,4937.20,8.2395E-17
15,9,4d2,1D2,5s 5d,3D3,E2,-1.05160,-0.45022301,-0.45934550,-2002.16,4994.62,7.9692E-07
15,9,4d2,1D2,5s 5d,3D3,M1,0.01389,-0.45022301,-0.45934550,-2002.16,4994.62,8.3542E-06
15,9,4d2,1D2,5s 5d,3D3,M3,-398.32191,-0.45022301,-0.45934550,-2002.16,4994.62,1.7131E-16
15,10,4d2,1D2,5p2,3P1,E2,-4.93401,-0.45022301,-0.45638817,-1353.10,7390.46,2.4733E-06
15,10,4d2,1D2,5p2,3P1,M1,-0.24359,-0.45022301,-0.45638817,-1353.10,7390.46,7.9301E-04
15,10,4d2,1D2,5p2,3P1,M3,90.22934,-0.45022301,-0.45638817,-1353.10,7390.46,5.6602E-19
15,11,4d2,1D2,5p2,3P2,E2,18.26316,-0.45022301,-0.45516606,-1084.87,9217.66,1.1227E-05
15,11,4d2,1D2,5p2,3P2,M1,-0.41783,-0.45022301,-0.45516606,-1084.87,9217.66,1.2025E-03
15,11,4d2,1D2,5p2,3P2,M3,194.94190,-0.45022301,-0.45516606,-1084.87,9217.66,5.6274E-19
15,12,4d2,1D2,4d2,1D2,E2,73.96473,-0.45022301,-0.45022301,-0.00,16817225581.71,9.1097E-36
15,12,4d2,1D2,4d2,1D2,M1,5.53100,-0.45022301,-0.45022301,-0.00,16817225581.71,3.4699E-20
15,12,4d2,1D2,4d2,1D2,M3,104.50065,-0.45022301,-0.45022301,-0.00,16817225581.71,2.4032E-63
15,13,4d2,1D2,5s 7s,3S1,E2,2.63417,-0.45022301,-0.44854123,369.11,27092.33,1.7747E-09
15,13,4d2,1D2,5s 7s,3S1,M1,0.00295,-0.45022301,-0.44854123,369.11,27092.33,3.9317E-09
15,13,4d2,1D2,5s 7s,3S1,M3,624.43405,-0.45022301,-0.44854123,369.11,27092.33,5.0785E-21
15,14,4d2,1D2,4d2,3F2,E2,-5.11321,-0.45022301,-0.44654280,807.71,12380.62,2.0133E-07
15,14,4d2,1D2,4d2,3F2,M1,-0.14757,-0.45022301,-0.44654280,807.71,12380.62,6.1909E-05
15,14,4d2,1D2,4d2,3F2,M3,3.43503,-0.45022301,-0.44654280,807.71,12380.62,2.2157E-23
15,15,4d2,1D2,4d2,3F3,E2,1.29189,-0.45022301,-0.44613337,897.57,11141.15,1.5556E-08
15,15,4d2,1D2,4d2,3F3,M1,0.20476,-0.45022301,-0.44613337,897.57,11141.15,1.1683E-04
15,15,4d2,1D2,4d2,3F3,M3,-36.04269,-0.45022301,-0.44613337,897.57,11141.15,3.6462E-21
15,16,4d2,1D2,4d2,3F4,E2,3.08464,-0.45022301,-0.44555683,1024.11,9764.58,1.3338E-07
15,16,4d2,1D2,4d2,3F4,M3,112.50069,-0.45022301,-0.44555683,1024.11,9764.58,6.9551E-20
15,17,4d2,1D2,5s 7d,3D1,E2,-1.34188,-0.45022301,-0.43820374,2637.93,3790.86,8.5865E-06
15,17,4d2,1D2,5s 7d,3D1,M1,0.00836,-0.45022301,-0.43820374,2637.93,3790.86,1.1531E-05
15,17,4d2,1D2,5s 7d,3D1,M3,112.41670,-0.45022301,-0.43820374,2637.93,3790.86,1.5674E-16
15,18,4d2,1D2,5s 7d,3D2,E2,-27.35781,-0.45022301,-0.43818039,2643.05,3783.51,2.1623E-03
15,18,4d2,1D2,5s 7d,3D2,M1,0.00577,-0.45022301,-0.43818039,2643.05,3783.51,3.3172E-06
15,18,4d2,1D2,5s 7d,3D2,M3,265.33986,-0.45022301,-0.43818039,2643.05,3783.51,5.3111E-16
15,19,4d2,1D2,5s 7d,3D3,E2,-2.00731,-0.45022301,-0.43812290,2655.67,3765.53,8.5153E-06
15,19,4d2,1D2,5s 7d,3D3,M1,0.00755,-0.45022301,-0.43812290,2655.67,3765.53,4.1125E-06
15,19,4d2,1D2,5s 7d,3D3,M3,-563.15781,-0.45022301,-0.43812290,2655.67,3765.53,1.7668E-15
15,20,4d2,1D2,5s 7d,1D2,E2,-131.70605,-0.45022301,-0.43796776,2689.72,3717.86,5.4698E-02
15,20,4d2,1D2,5s 7d,1D2,M1,0.00255,-0.45022301,-0.43796776,2689.72,3717.86,6.8360E-07
15,20,4d2,1D2,5s 7d,1D2,M3,-508.85163,-0.45022301,-0.43796776,2689.72,3717.86,2.2078E-15
15,21,4d2,1D2,5s 9s,3S1,E2,0.58407,-0.45022301,-0.43330339,3713.43,2692.93,8.9924E-06
15,21,4d2,1D2,5s 9s,3S1,M1,-0.00070,-0.45022301,-0.43330339,3713.43,2692.93,2.2692E-07
15,21,4d2,1D2,5s 9s,3S1,M3,153.10471,-0.45022301,-0.43330339,3713.43,2692.93,3.1849E-15
15,22,4d2,1D2,4d2,1G4,E2,34.95698,-0.45022301,-0.43268917,3848.23,2598.60,1.2833E-02
15,22,4d2,1D2,4d2,1G4,M3,132.52631,-0.45022301,-0.43268917,3848.23,2598.60,1.0209E-15
15,23,4d2,1D2,5s 6g,3G3,E2,-1.72918,-0.45022301,-0.42987284,4466.35,2238.97,8.5025E-05
15,23,4d2,1D2,5s 6g,3G3,M1,0.00026,-0.45022301,-0.42987284,4466.35,2238.97,2.2749E-08
15,23,4d2,1D2,5s 6g,3G3,M3,89.12624,-0.45022301,-0.42987284,4466.35,2238.97,1.6842E-15
15,24,4d2,1D2,5s 6g,1G4,E2,-53.61080,-0.45022301,-0.42987187,4466.56,2238.86,6.3581E-02
15,24,4d2,1D2,5s 6g,1G4,M3,-546.52165,-0.45022301,-0.42987187,4466.56,2238.86,4.9271E-14
16,1,5s 7s,1S0,5s 4d,3D1,M1,0.00008,-0.44903339,-0.53770844,-19461.92,513.82,1.3522E-06
16,2,5s 7s,1S0,5s 4d,3D2,E2,-0.91479,-0.44903339,-0.53739422,-19392.96,515.65,2.5707E-01
16,3,5s 7s,1S0,5s 4d,3D3,M3,-32.69109,-0.44903339,-0.53686660,-19277.16,518.75,4.4256E-11
16,4,5s 7s,1S0,5s 4d,1D2,E2,-11.35651,-0.44903339,-0.52758744,-17240.62,580.03,2.2002E+01
16,5,5s 7s,1S0,5s 6s,3S1,M1,0.00114,-0.44903339,-0.48685600,-8301.10,1204.66,2.0205E-05
16,6,5s 7s,1S0,5s 5d,1D2,E2,-98.87105,-0.44903339,-0.46080387,-2583.32,3870.99,1.2596E-01
16,7,5s 7s,1S0,5s 5d,3D1,M1,0.00431,-0.44903339,-0.45952260,-2302.11,4343.83,6.1078E-06
16,8,5s 7s,1S0,5s 5d,3D2,E2,3.37520,-0.44903339,-0.45945159,-2286.53,4373.44,7.9741E-05
16,9,5s 7s,1S0,5s 5d,3D3,M3,579.37124,-0.44903339,-0.45934550,-2263.25,4418.43,4.2741E-15
16,10,5s 7s,1S0,5p2,3P1,M1,0.19646,-0.44903339,-0.45638817,-1614.19,6195.07,4.3788E-03
16,11,5s 7s,1S0,5p2,3P2,E2,-17.70652,-0.44903339,-0.45516606,-1345.97,7429.61,1.5511E-04
16,12,5s 7s,1S0,4d2,1D2,E2,-117.62741,-0.44903339,-0.45022301,-261.09,38300.72,1.8801E-06
16,13,5s 7s,1S0,5s 7s,3S1,M1,-0.00225,-0.44903339,-0.44854123,108.02,92577.95,5.7132E-11
16,14,5s 7s,1S0,4d2,3F2,E2,12.72756,-0.44903339,-0.44654280,546.62,18294.15,1.7708E-07
16,15,5s 7s,1S0,4d2,3F3,M3,3.22112,-0.44903339,-0.44613337,636.48,15711.36,2.6256E-24
16,17,5s 7s,1S0,5s 7d,3D1,M1,-0.00057,-0.44903339,-0.43820374,2376.83,4207.28,3.9747E-08
16,18,5s 7s,1S0,5s 7d,3D2,E2,66.47906,-0.44903339,-0.43818039,2381.96,4198.22,7.5905E-03
16,19,5s 7s,1S0,5s 7d,3D3,M3,1509.70918,-0.44903339,-0.43812290,2394.58,4176.11,6.1532E-15
16,20,5s 7s,1S0,5s 7d,1D2,E2,306.41779,-0.44903339,-0.43796776,2428.63,4117.56,1.7769E-01
16,21,5s 7s,1S0,5s 9s,3S1,M1,0.00067,-0.44903339,-0.43330339,3452.34,2896.59,1.6365E-07
16,23,5s 7s,1S0,5s 6g,3G3,M3,-0.95233,-0.44903339,-0.42987284,4205.26,2377.98,1.2613E-19
17,1,5s 7s,3S1,5s 4d,3D1,E2,2.18560,-0.44854122,-0.53770844,-19569.94,510.99,5.1188E-01
17,1,5s 7s,3S1,5s 4d,3D1,M1,0.00002,-0.44854122,-0.53770844,-19569.94,510.99,3.0283E-08
17,2,5s 7s,3S1,5s 4d,3D2,E2,2.67484,-0.44854122,-0.53739422,-19500.98,512.79,7.5328E-01
17,2,5s 7s,3S1,5s 4d,3D2,M1,0.00003,-0.44854122,-0.53739422,-19500.98,512.79,4.7331E-08
17,2,5s 7s,3S1,5s 4d,3D2,M3,9.83751,-0.44854122,-0.53739422,-19500.98,512.79,1.4483E-12
17,3,5s 7s,3S1,5s 4d,3D3,E2,2.91820,-0.44854122,-0.53686660,-19385.18,515.86,8.7027E-01
17,3,5s 7s,3S1,5s 4d,3D3,M3,13.29799,-0.44854122,-0.53686660,-19385.18,515.86,2.5383E-12
17,4,5s 7s,3S1,5s 4d,1D2,E2,0.11311,-0.44854122,-0.52758744,-17348.64,576.41,7.5066E-04
17,4,5s 7s,3S1,5s 4d,1D2,M1,-0.00010,-0.44854122,-0.52758744,-17348.64,576.41,4.7517E-07
17,4,5s 7s,3S1,5s 4d,1D2,M3,6.88309,-0.44854122,-0.52758744,-17348.64,576.41,3.1269E-13
17,5,5s 7s,3S1,5s 6s,3S1,E2,-0.00758,-0.44854122,-0.48685600,-8409.12,1189.18,9.0266E-08
17,5,5s 7s,3S1,5s 6s,3S1,M1,0.00005,-0.44854122,-0.48685600,-8409.12,1189.18,1.1007E-08
17,6,5s 7s,3S1,5s 5d,1D2,E2,-5.82371,-0.44854122,-0.46080387,-2691.34,3715.62,1.7878E-04
17,6,5s 7s,3S1,5s 5d,1D2,M1,0.00086,-0.44854122,-0.46080387,-2691.34,3715.62,1.2833E-07
17,6,5s 7s,3S1,5s 5d,1D2,M3,631.71187,-0.44854122,-0.46080387,-2691.34,3715.62,5.6952E-15
17,7,5s 7s,3S1,5s 5d,3D1,E2,131.88840,-0.44854122,-0.45952260,-2410.13,4149.15,5.2808E-02
17,7,5s 7s,3S1,5s 5d,3D1,M1,-0.00005,-0.44854122,-0.45952260,-2410.13,4149.15,2.6369E-10
17,8,5s 7s,3S1,5s 5d,3D2,E2,-171.01110,-0.44854122,-0.45945159,-2394.55,4176.15,8.5950E-02
17,8,5s 7s,3S1,5s 5d,3D2,M1,-0.00033,-0.44854122,-0.45945159,-2394.55,4176.15,1.3112E-08
17,8,5s 7s,3S1,5s 5d,3D2,M3,-662.34331,-0.44854122,-0.45945159,-2394.55,4176.15,2.7633E-15
17,9,5s 7s,3S1,5s 5d,3D3,E2,204.03540,-0.44854122,-0.45934550,-2371.27,4217.16,1.1652E-01
17,9,5s 7s,3S1,5s 5d,3D3,M3,911.89696,-0.44854122,-0.45934550,-2371.27,4217.16,4.8915E-15
17,10,5s 7s,3S1,5p2,3P1,E2,-3.50296,-0.44854122,-0.45638817,-1722.21,5806.51,6.9402E-06
17,10,5s 7s,3S1,5p2,3P1,M1,-0.01467,-0.44854122,-0.45638817,-1722.21,5806.51,9.8878E-06
17,11,5s 7s,3S1,5p2,3P2,E2,5.50946,-0.44854122,-0.45516606,-1453.99,6877.65,7.3637E-06
17,11,5s 7s,3S1,5p2,3P2,M1,-0.01878,-0.44854122,-0.45516606,-1453.99,6877.65,9.7524E-06
17,11,5s 7s,3S1,5p2,3P2,M3,130.23069,-0.44854122,-0.45516606,-1453.99,6877.65,3.2511E-18
17,12,5s 7s,3S1,4d2,1D2,E2,2.61892,-0.44854122,-0.45022301,-369.11,27092.08,1.7543E-09
17,12,5s 7s,3S1,4d2,1D2,M1,0.00295,-0.44854122,-0.45022301,-369.11,27092.08,3.9333E-09
17,12,5s 7s,3S1,4d2,1D2,M3,623.93310,-0.44854122,-0.45022301,-369.11,27092.08,5.0707E-21
17,13,5s 7s,3S1,5s 7s,3S1,E2,0.05033,-0.44854122,-0.44854123,-0.00,3633257030.55,1.4937E-38
17,13,5s 7s,3S1,5s 7s,3S1,M1,-4.89813,-0.44854122,-0.44854123,-0.00,3633257030.55,4.4977E-18
17,14,5s 7s,3S1,4d2,3F2,E2,0.20147,-0.44854122,-0.44654280,438.60,22799.66,1.4757E-11
17,14,5s 7s,3S1,4d2,3F2,M1,-0.00015,-0.44854122,-0.44654280,438.60,22799.66,1.0421E-11
17,14,5s 7s,3S1,4d2,3F2,M3,-58.62383,-0.44854122,-0.44654280,438.60,22799.66,8.9844E-23
17,15,5s 7s,3S1,4d2,3F3,E2,0.56741,-0.44854122,-0.44613337,528.46,18922.82,2.1231E-10
17,15,5s 7s,3S1,4d2,3F3,M3,3.36409,-0.44854122,-0.44613337,528.46,18922.82,7.7902E-25
17,16,5s 7s,3S1,4d2,3F4,M3,1.26427,-0.44854122,-0.44555683,655.00,15267.21,3.8453E-25
17,17,5s 7s,3S1,5s 7d,3D1,E2,-360.42142,-0.44854122,-0.43820374,2268.81,4407.59,2.9154E-01
17,17,5s 7s,3S1,5s 7d,3D1,M1,-0.00011,-0.44854122,-0.43820374,2268.81,4407.59,1.2837E-09
17,18,5s 7s,3S1,5s 7d,3D2,E2,454.87489,-0.44854122,-0.43818039,2273.94,4397.65,2.8178E-01
17,18,5s 7s,3S1,5s 7d,3D2,M1,-0.00008,-0.44854122,-0.43818039,2273.94,4397.65,4.3963E-10
17,18,5s 7s,3S1,5s 7d,3D2,M3,1264.10223,-0.44854122,-0.43818039,2273.94,4397.65,4.2059E-15
17,19,5s 7s,3S1,5s 7d,3D3,E2,550.37480,-0.44854122,-0.43812290,2286.56,4373.39,3.0292E-01
17,19,5s 7s,3S1,5s 7d,3D3,M3,2461.57804,-0.44854122,-0.43812290,2286.56,4373.39,1.1842E-14
17,20,5s 7s,3S1,5s 7d,1D2,E2,-97.84144,-0.44854122,-0.43796776,2320.61,4309.22,1.4430E-02
17,20,5s 7s,3S1,5s 7d,1D2,M1,0.00011,-0.44854122,-0.43796776,2320.61,4309.22,8.2171E-10
17,20,5s 7s,3S1,5s 7d,1D2,M3,-2391.35366,-0.44854122,-0.43796776,2320.61,4309.22,1.7351E-14
17,21,5s 7s,3S1,5s 9s,3S1,E2,0.01282,-0.44854122,-0.43330339,3344.32,2990.15,2.5668E-09
17,21,5s 7s,3S1,5s 9s,3S1,M1,0.00425,-0.44854122,-0.43330339,3344.32,2990.15,6.0763E-06
17,22,5s 7s,3S1,4d2,1G4,M3,0.18055,-0.44854122,-0.43268917,3479.12,2874.29,9.3548E-22
17,23,5s 7s,3S1,5s 6g,3G3,E2,0.04500,-0.44854122,-0.42987284,4097.24,2440.67,3.7408E-08
17,23,5s 7s,3S1,5s 6g,3G3,M3,1.19204,-0.44854122,-0.42987284,4097.24,2440.67,1.6471E-19
17,24,5s 7s,3S1,5s 6g,1G4,M3,1.24927,-0.44854122,-0.42987187,4097.45,2440.54,1.4076E-19
18,1,4d2,3F2,5s 4d,3D1,E2,22.12302,-0.44654279,-0.53770844,-20008.55,499.79,3.5156E+01
18,1,4d2,3F2,5s 4d,3D1,M1,-0.00072,-0.44654279,-0.53770844,-20008.55,499.79,2.2588E-05
18,1,4d2,3F2,5s 4d,3D1,M3,-25.40475,-0.44654279,-0.53770844,-20008.55,499.79,6.9371E-12
18,2,4d2,3F2,5s 4d,3D2,E2,-18.60542,-0.44654279,-0.53739422,-19939.58,501.51,2.4439E+01
18,2,4d2,3F2,5s 4d,3D2,M1,0.00086,-0.44654279,-0.53739422,-19939.58,501.51,3.1942E-05
18,2,4d2,3F2,5s 4d,3D2,M3,62.63453,-0.44654279,-0.53739422,-19939.58,501.51,4.1160E-11
18,3,4d2,3F2,5s 4d,3D3,E2,5.68642,-0.44654279,-0.53686660,-19823.78,504.44,2.2174E+00
18,3,4d2,3F2,5s 4d,3D3,M1,-0.00011,-0.44654279,-0.53686660,-19823.78,504.44,5.2638E-07
18,3,4d2,3F2,5s 4d,3D3,M3,-51.89924,-0.44654279,-0.53686660,-19823.78,504.44,2.7131E-11
18,4,4d2,3F2,5s 4d,1D2,E2,-2.93241,-0.44654279,-0.52758744,-17787.24,562.20,3.4294E-01
18,4,4d2,3F2,5s 4d,1D2,M1,0.00088,-0.44654279,-0.52758744,-17787.24,562.20,2.3395E-05
18,4,4d2,3F2,5s 4d,1D2,M3,-21.85866,-0.44654279,-0.52758744,-17787.24,562.20,2.2534E-12
18,5,4d2,3F2,5s 6s,3S1,E2,-0.05697,-0.44654279,-0.48685600,-8847.73,1130.23,3.9421E-06
18,5,4d2,3F2,5s 6s,3S1,M1,0.00007,-0.44654279,-0.48685600,-8847.73,1130.23,1.6956E-08
18,5,4d2,3F2,5s 6s,3S1,M3,18.57481,-0.44654279,-0.48685600,-8847.73,1130.23,1.2261E-14
18,6,4d2,3F2,5s 5d,1D2,E2,-6.64174,-0.44654279,-0.46080387,-3129.94,3194.95,2.9681E-04
18,6,4d2,3F2,5s 5d,1D2,M1,0.01374,-0.44654279,-0.46080387,-3129.94,3194.95,3.1235E-05
18,6,4d2,3F2,5s 5d,1D2,M3,-30.83964,-0.44654279,-0.46080387,-3129.94,3194.95,2.3432E-17
18,7,4d2,3F2,5s 5d,3D1,E2,2.15592,-0.44654279,-0.45952260,-2848.74,3510.33,1.9532E-05
18,7,4d2,3F2,5s 5d,3D1,M1,0.00011,-0.44654279,-0.45952260,-2848.74,3510.33,1.4059E-09
18,7,4d2,3F2,5s 5d,3D1,M3,3.63541,-0.44654279,-0.45952260,-2848.74,3510.33,1.6847E-19
18,8,4d2,3F2,5s 5d,3D2,E2,2.03224,-0.44654279,-0.45945159,-2833.15,3529.64,1.6886E-05
18,8,4d2,3F2,5s 5d,3D2,M1,-0.00130,-0.44654279,-0.45945159,-2833.15,3529.64,2.0724E-07
18,8,4d2,3F2,5s 5d,3D2,M3,15.34239,-0.44654279,-0.45945159,-2833.15,3529.64,2.8875E-18
18,9,4d2,3F2,5s 5d,3D3,E2,0.54366,-0.44654279,-0.45934550,-2809.87,3558.88,1.1596E-06
18,9,4d2,3F2,5s 5d,3D3,M1,-0.00093,-0.44654279,-0.45934550,-2809.87,3558.88,1.0456E-07
18,9,4d2,3F2,5s 5d,3D3,M3,26.78564,-0.44654279,-0.45934550,-2809.87,3558.88,8.3071E-18
18,10,4d2,3F2,5p2,3P1,E2,-10.97175,-0.44654279,-0.45638817,-2160.81,4627.89,1.2702E-04
18,10,4d2,3F2,5p2,3P1,M1,0.01242,-0.44654279,-0.45638817,-2160.81,4627.89,8.3955E-06
18,10,4d2,3F2,5p2,3P1,M3,-31.18441,-0.44654279,-0.45638817,-2160.81,4627.89,1.7907E-18
18,11,4d2,3F2,5p2,3P2,E2,-5.70896,-0.44654279,-0.45516606,-1892.59,5283.77,1.7727E-05
18,11,4d2,3F2,5p2,3P2,M1,0.01378,-0.44654279,-0.45516606,-1892.59,5283.77,6.9478E-06
18,11,4d2,3F2,5p2,3P2,M3,-25.44024,-0.44654279,-0.45516606,-1892.59,5283.77,4.7128E-19
18,12,4d2,3F2,4d2,1D2,E2,-5.11624,-0.44654279,-0.45022301,-807.72,12380.60,2.0157E-07
18,12,4d2,3F2,4d2,1D2,M1,-0.14757,-0.44654279,-0.45022301,-807.72,12380.60,6.1907E-05
18,12,4d2,3F2,4d2,1D2,M3,3.42438,-0.44654279,-0.45022301,-807.72,12380.60,2.2020E-23
18,13,4d2,3F2,5s 7s,3S1,E2,0.19783,-0.44654279,-0.44854123,-438.61,22799.47,1.4230E-11
18,13,4d2,3F2,5s 7s,3S1,M1,-0.00015,-0.44654279,-0.44854123,-438.61,22799.47,1.0416E-11
18,13,4d2,3F2,5s 7s,3S1,M3,-58.74186,-0.44654279,-0.44854123,-438.61,22799.47,9.0211E-23
18,14,4d2,3F2,4d2,3F2,E2,9.06279,-0.44654279,-0.44654280,-0.00,10341988885.91,1.5550E-36
18,14,4d2,3F2,4d2,3F2,M1,3.66342,-0.44654279,-0.44654280,-0.00,10341988885.91,6.5453E-20
18,14,4d2,3F2,4d2,3F2,M3,-49.73569,-0.44654279,-0.44654280,-0.00,10341988885.91,1.6366E-62
18,15,4d2,3F2,4d2,3F3,E2,-5.48715,-0.44654279,-0.44613337,89.86,111286.16,2.8222E-12
18,15,4d2,3F2,4d2,3F3,M1,2.57340,-0.44654279,-0.44613337,89.86,111286.16,1.8515E-05
18,15,4d2,3F2,4d2,3F3,M3,70.17854,-0.44654279,-0.44613337,89.86,111286.16,1.3933E-27
18,16,4d2,3F2,4d2,3F4,E2,0.94785,-0.44654279,-0.44555683,216.39,46211.90,5.3048E-12
18,16,4d2,3F2,4d2,3F4,M3,-38.08543,-0.44654279,-0.44555683,216.39,46211.90,1.4990E-25
18,17,4d2,3F2,5s 7d,3D1,E2,2.86506,-0.44654279,-0.43820374,1830.21,5463.85,6.2929E-06
18,17,4d2,3F2,5s 7d,3D1,M1,0.00014,-0.44654279,-0.43820374,1830.21,5463.85,1.0594E-09
18,17,4d2,3F2,5s 7d,3D1,M3,-14.82439,-0.44654279,-0.43820374,1830.21,5463.85,2.1094E-19
18,18,4d2,3F2,5s 7d,3D2,E2,5.45964,-0.44654279,-0.43818039,1835.34,5448.59,1.3904E-05
18,18,4d2,3F2,5s 7d,3D2,M1,0.00394,-0.44654279,-0.43818039,1835.34,5448.59,5.1830E-07
18,18,4d2,3F2,5s 7d,3D2,M3,-34.20278,-0.44654279,-0.43818039,1835.34,5448.59,6.8702E-19
18,19,4d2,3F2,5s 7d,3D3,E2,-0.70391,-0.44654279,-0.43812290,1847.95,5411.40,1.7084E-07
18,19,4d2,3F2,5s 7d,3D3,M1,-0.00119,-0.44654279,-0.43812290,1847.95,5411.40,3.4466E-08
18,19,4d2,3F2,5s 7d,3D3,M3,64.86901,-0.44654279,-0.43812290,1847.95,5411.40,1.8519E-18
18,20,4d2,3F2,5s 7d,1D2,E2,13.97996,-0.44654279,-0.43796776,1882.00,5313.49,1.0336E-04
18,20,4d2,3F2,5s 7d,1D2,M1,0.01526,-0.44654279,-0.43796776,1882.00,5313.49,8.3699E-06
18,20,4d2,3F2,5s 7d,1D2,M3,55.24343,-0.44654279,-0.43796776,1882.00,5313.49,2.1367E-18
18,21,4d2,3F2,5s 9s,3S1,E2,-0.04789,-0.44654279,-0.43330339,2905.71,3441.50,1.7733E-08
18,21,4d2,3F2,5s 9s,3S1,M1,0.00004,-0.44654279,-0.43330339,2905.71,3441.50,3.1024E-10
18,21,4d2,3F2,5s 9s,3S1,M3,-25.90423,-0.44654279,-0.43330339,2905.71,3441.50,1.6376E-17
18,22,4d2,3F2,4d2,1G4,E2,-2.49875,-0.44654279,-0.43268917,3040.52,3288.91,2.0190E-05
18,22,4d2,3F2,4d2,1G4,M3,-114.42972,-0.44654279,-0.43268917,3040.52,3288.91,1.4631E-16
18,23,4d2,3F2,5s 6g,3G3,E2,0.01561,-0.44654279,-0.42987284,3658.63,2733.26,2.5546E-09
18,23,4d2,3F2,5s 6g,3G3,M1,0.00001,-0.44654279,-0.42987284,3658.63,2733.26,3.6082E-11
18,23,4d2,3F2,5s 6g,3G3,M3,-9.68603,-0.44654279,-0.42987284,3658.63,2733.26,4.9230E-18
18,24,4d2,3F2,5s 6g,1G4,E2,5.01967,-0.44654279,-0.42987187,3658.84,2733.10,2.0560E-04
18,24,4d2,3F2,5s 6g,1G4,M3,52.67166,-0.44654279,-0.42987187,3658.84,2733.10,1.1327E-16
19,1,4d2,3F3,5s 4d,3D1,E2,-15.81348,-0.44613336,-0.53770844,-20098.41,497.55,1.3121E+01
19,1,4d2,3F3,5s 4d,3D1,M3,89.46774,-0.44613336,-0.53770844,-20098.41,497.55,6.3413E-11
19,2,4d2,3F3,5s 4d,3D2,E2,-24.82662,-0.44613336,-0.53739422,-20029.44,499.26,3.1789E+01
19,2,4d2,3F3,5s 4d,3D2,M1,-0.00003,-0.44613336,-0.53739422,-20029.44,499.26,2.4223E-08
19,2,4d2,3F3,5s 4d,3D2,M3,-96.77425,-0.44613336,-0.53739422,-20029.44,499.26,7.2429E-11
19,3,4d2,3F3,5s 4d,3D3,E2,19.06044,-0.44613336,-0.53686660,-19913.64,502.17,1.8202E+01
19,3,4d2,3F3,5s 4d,3D3,M1,-0.00083,-0.44613336,-0.53686660,-19913.64,502.17,2.1114E-05
19,3,4d2,3F3,5s 4d,3D3,M3,0.02249,-0.44613336,-0.53686660,-19913.64,502.17,3.7572E-18
19,4,4d2,3F3,5s 4d,1D2,E2,-0.95382,-0.44613336,-0.52758744,-17877.10,559.37,2.6578E-02
19,4,4d2,3F3,5s 4d,1D2,M1,-0.00119,-0.44613336,-0.52758744,-17877.10,559.37,3.1108E-05
19,4,4d2,3F3,5s 4d,1D2,M3,79.25506,-0.44613336,-0.52758744,-17877.10,559.37,2.1920E-11
19,5,4d2,3F3,5s 6s,3S1,E2,-0.14882,-0.44613336,-0.48685600,-8937.59,1118.87,2.0208E-05
19,5,4d2,3F3,5s 6s,3S1,M3,0.85988,-0.44613336,-0.48685600,-8937.59,1118.87,2.0143E-17
19,6,4d2,3F3,5s 5d,1D2,E2,0.83693,-0.44613336,-0.46080387,-3219.80,3105.78,3.8782E-06
19,6,4d2,3F3,5s 5d,1D2,M1,-0.02095,-0.44613336,-0.46080387,-3219.80,3105.78,5.6445E-05
19,6,4d2,3F3,5s 5d,1D2,M3,33.94040,-0.44613336,-0.46080387,-3219.80,3105.78,2.4714E-17
19,7,4d2,3F3,5s 5d,3D1,E2,-2.09077,-0.44613336,-0.45952260,-2938.60,3402.98,1.5325E-05
19,7,4d2,3F3,5s 5d,3D1,M3,7.29039,-0.44613336,-0.45952260,-2938.60,3402.98,6.0144E-19
19,8,4d2,3F3,5s 5d,3D2,E2,2.44434,-0.44613336,-0.45945159,-2923.01,3421.13,2.0398E-05
19,8,4d2,3F3,5s 5d,3D2,M1,0.00158,-0.44613336,-0.45945159,-2923.01,3421.13,2.4038E-07
19,8,4d2,3F3,5s 5d,3D2,M3,7.47922,-0.44613336,-0.45945159,-2923.01,3421.13,6.0987E-19
19,9,4d2,3F3,5s 5d,3D3,E2,1.73237,-0.44613336,-0.45934550,-2899.73,3448.60,9.8439E-06
19,9,4d2,3F3,5s 5d,3D3,M1,-0.00097,-0.44613336,-0.45934550,-2899.73,3448.60,8.8293E-08
19,9,4d2,3F3,5s 5d,3D3,M3,-0.38557,-0.44613336,-0.45934550,-2899.73,3448.60,1.5325E-21
19,10,4d2,3F3,5p2,3P1,E2,-15.62658,-0.44613336,-0.45638817,-2250.67,4443.12,2.2563E-04
19,10,4d2,3F3,5p2,3P1,M3,-66.81135,-0.44613336,-0.45638817,-2250.67,4443.12,7.8090E-18
19,11,4d2,3F3,5p2,3P2,E2,-11.36279,-0.44613336,-0.45516606,-1982.45,5044.27,6.3253E-05
19,11,4d2,3F3,5p2,3P2,M1,0.01066,-0.44613336,-0.45516606,-1982.45,5044.27,3.4143E-06
19,11,4d2,3F3,5p2,3P2,M3,-67.78360,-0.44613336,-0.45516606,-1982.45,5044.27,3.3065E-18
19,12,4d2,3F3,4d2,1D2,E2,1.29179,-0.44613336,-0.45022301,-897.57,11141.13,1.5554E-08
19,12,4d2,3F3,4d2,1D2,M1,0.20475,-0.44613336,-0.45022301,-897.57,11141.13,1.1682E-04
19,12,4d2,3F3,4d2,1D2,M3,-36.04641,-0.44613336,-0.45022301,-897.57,11141.13,3.6470E-21
19,13,4d2,3F3,5s 7s,3S1,E2,0.56750,-0.44613336,-0.44854123,-528.47,18922.69,2.1238E-10
19,13,4d2,3F3,5s 7s,3S1,M3,3.36348,-0.44613336,-0.44854123,-528.47,18922.69,7.7877E-25
19,14,4d2,3F3,4d2,3F2,E2,-5.48700,-0.44613336,-0.44654280,-89.86,111283.72,2.8224E-12
19,14,4d2,3F3,4d2,3F2,M1,2.57340,-0.44613336,-0.44654280,-89.86,111283.72,1.8516E-05
19,14,4d2,3F3,4d2,3F2,M3,70.17930,-0.44613336,-0.44654280,-89.86,111283.72,1.3935E-27
19,15,4d2,3F3,4d2,3F3,E2,-9.37801,-0.44613336,-0.44613337,-0.00,9958281375.38,1.4368E-36
19,15,4d2,3F3,4d2,3F3,M1,-9.92843,-0.44613336,-0.44613337,-0.00,9958281375.38,3.8463E-19
19,15,4d2,3F3,4d2,3F3,M3,2.01344,-0.44613336,-0.44613337,-0.00,9958281375.38,2.4963E-65
19,16,4d2,3F3,4d2,3F4,E2,5.41686,-0.44613336,-0.44555683,126.54,79029.48,1.1844E-11
19,16,4d2,3F3,4d2,3F4,M1,-2.59720,-0.44613336,-0.44555683,126.54,79029.48,4.0958E-05
19,16,4d2,3F3,4d2,3F4,M3,-56.77485,-0.44613336,-0.44555683,126.54,79029.48,7.7867E-27
19,17,4d2,3F3,5s 7d,3D1,E2,-1.90769,-0.44613336,-0.43820374,1740.35,5745.97,2.1691E-06
19,17,4d2,3F3,5s 7d,3D1,M3,10.96816,-0.44613336,-0.43820374,1740.35,5745.97,8.1173E-20
19,18,4d2,3F3,5s 7d,3D2,E2,2.97324,-0.44613336,-0.43818039,1745.48,5729.10,3.2082E-06
19,18,4d2,3F3,5s 7d,3D2,M1,-0.00451,-0.44613336,-0.43818039,1745.48,5729.10,5.8302E-07
19,18,4d2,3F3,5s 7d,3D2,M3,11.77744,-0.44613336,-0.43818039,1745.48,5729.10,5.7324E-20
19,19,4d2,3F3,5s 7d,3D3,E2,-2.61958,-0.44613336,-0.43812290,1758.09,5687.98,1.8440E-06
19,19,4d2,3F3,5s 7d,3D3,M1,-0.00123,-0.44613336,-0.43812290,1758.09,5687.98,3.1652E-08
19,19,4d2,3F3,5s 7d,3D3,M3,-2.98829,-0.44613336,-0.43812290,1758.09,5687.98,2.7723E-21
19,20,4d2,3F3,5s 7d,1D2,E2,-0.35000,-0.44613336,-0.43796776,1792.14,5579.91,5.0725E-08
19,20,4d2,3F3,5s 7d,1D2,M1,-0.02176,-0.44613336,-0.43796776,1792.14,5579.91,1.4707E-05
19,20,4d2,3F3,5s 7d,1D2,M3,-1.18966,-0.44613336,-0.43796776,1792.14,5579.91,7.0355E-22
19,21,4d2,3F3,5s 9s,3S1,E2,0.05818,-0.44613336,-0.43330339,2815.85,3551.32,2.2367E-08
19,21,4d2,3F3,5s 9s,3S1,M3,-0.42861,-0.44613336,-0.43330339,2815.85,3551.32,3.5982E-21
19,22,4d2,3F3,4d2,1G4,E2,0.81005,-0.44613336,-0.43268917,2950.66,3389.07,1.8263E-06
19,22,4d2,3F3,4d2,1G4,M1,-0.06143,-0.44613336,-0.43268917,2950.66,3389.07,2.9055E-04
19,22,4d2,3F3,4d2,1G4,M3,143.22616,-0.44613336,-0.43268917,2950.66,3389.07,1.8580E-16
19,23,4d2,3F3,5s 6g,3G3,E2,0.03795,-0.44613336,-0.42987284,3568.77,2802.08,1.3337E-08
19,23,4d2,3F3,5s 6g,3G3,M1,-0.00004,-0.44613336,-0.42987284,3568.77,2802.08,3.3247E-10
19,23,4d2,3F3,5s 6g,3G3,M3,0.26598,-0.44613336,-0.42987284,3568.77,2802.08,3.1192E-21
19,24,4d2,3F3,5s 6g,1G4,E2,0.15928,-0.44613336,-0.42987187,3568.99,2801.92,1.8282E-07
19,24,4d2,3F3,5s 6g,1G4,M1,-0.00053,-0.44613336,-0.42987187,3568.99,2801.92,3.7925E-08
19,24,4d2,3F3,5s 6g,1G4,M3,2.60150,-0.44613336,-0.42987187,3568.99,2801.92,2.3218E-19
20,1,4d2,3F4,5s 4d,3D1,M3,-63.92343,-0.44555682,-0.53770844,-20224.94,494.44,2.6309E-11
20,2,4d2,3F4,5s 4d,3D2,E2,16.41348,-0.44555682,-0.53739422,-20155.98,496.13,1.1153E+01
20,2,4d2,3F4,5s 4d,3D2,M3,-47.59385,-0.44555682,-0.53739422,-20155.98,496.13,1.4240E-11
20,3,4d2,3F4,5s 4d,3D3,E2,36.26852,-0.44555682,-0.53686660,-20040.18,499.00,5.2908E+01
20,3,4d2,3F4,5s 4d,3D3,M1,0.00083,-0.44555682,-0.53686660,-20040.18,499.00,1.6723E-05
20,3,4d2,3F4,5s 4d,3D3,M3,152.39492,-0.44555682,-0.53686660,-20040.18,499.00,1.4022E-10
20,4,4d2,3F4,5s 4d,1D2,E2,-0.25835,-0.44555682,-0.52758744,-18003.64,555.44,1.5710E-03
20,4,4d2,3F4,5s 4d,1D2,M3,-159.86748,-0.44555682,-0.52758744,-18003.64,555.44,7.2880E-11
20,5,4d2,3F4,5s 6s,3S1,M3,1.63665,-0.44555682,-0.48685600,-9064.12,1103.25,6.2626E-17
20,6,4d2,3F4,5s 5d,1D2,E2,0.84409,-0.44555682,-0.46080387,-3346.34,2988.34,3.7204E-06
20,6,4d2,3F4,5s 5d,1D2,M3,-52.77741,-0.44555682,-0.46080387,-3346.34,2988.34,6.0877E-17
20,7,4d2,3F4,5s 5d,3D1,M3,-6.54375,-0.44555682,-0.45952260,-3065.13,3262.50,5.0625E-19
20,8,4d2,3F4,5s 5d,3D2,E2,-2.30199,-0.44555682,-0.45945159,-3049.55,3279.17,1.7392E-05
20,8,4d2,3F4,5s 5d,3D2,M3,5.06329,-0.44555682,-0.45945159,-3049.55,3279.17,2.9247E-19
20,9,4d2,3F4,5s 5d,3D3,E2,3.72227,-0.44555682,-0.45934550,-3026.27,3304.40,4.3763E-05
20,9,4d2,3F4,5s 5d,3D3,M1,0.00111,-0.44555682,-0.45934550,-3026.27,3304.40,1.0223E-07
20,9,4d2,3F4,5s 5d,3D3,M3,16.55073,-0.44555682,-0.45934550,-3026.27,3304.40,2.9618E-18
20,10,4d2,3F4,5p2,3P1,M3,-20.40652,-0.44555682,-0.45638817,-2377.21,4206.62,8.3095E-19
20,11,4d2,3F4,5p2,3P2,E2,-21.96342,-0.44555682,-0.45516606,-2108.98,4741.62,2.5045E-04
20,11,4d2,3F4,5p2,3P2,M3,-119.17099,-0.44555682,-0.45516606,-2108.98,4741.62,1.2258E-17
20,12,4d2,3F4,4d2,1D2,E2,3.08463,-0.44555682,-0.45022301,-1024.11,9764.57,1.3338E-07
20,12,4d2,3F4,4d2,1D2,M3,112.50831,-0.44555682,-0.45022301,-1024.11,9764.57,6.9561E-20
20,13,4d2,3F4,5s 7s,3S1,M3,1.27035,-0.44555682,-0.44854123,-655.00,15267.12,3.8825E-25
20,14,4d2,3F4,4d2,3F2,E2,0.94798,-0.44555682,-0.44654280,-216.40,46211.45,5.3065E-12
20,14,4d2,3F4,4d2,3F2,M3,-38.08557,-0.44555682,-0.44654280,-216.40,46211.45,1.4991E-25
20,15,4d2,3F4,4d2,3F3,E2,5.41687,-0.44555682,-0.44613337,-126.54,79028.16,1.1845E-11
20,15,4d2,3F4,4d2,3F3,M1,-2.59720,-0.44555682,-0.44613337,-126.54,79028.16,4.0960E-05
20,15,4d2,3F4,4d2,3F3,M3,-56.77204,-0.44555682,-0.44613337,-126.54,79028.16,7.7869E-27
20,16,4d2,3F4,4d2,3F4,E2,12.62433,-0.44555682,-0.44555683,-0.00,9028611661.67,3.3057E-36
20,16,4d2,3F4,4d2,3F4,M1,16.76773,-0.44555682,-0.44555683,-0.00,9028611661.67,1.1449E-18
20,16,4d2,3F4,4d2,3F4,M3,1.37591,-0.44555682,-0.44555683,-0.00,9028611661.67,1.8005E-65
20,17,4d2,3F4,5s 7d,3D1,M3,-7.90130,-0.44555682,-0.43820374,1613.81,6196.50,2.4835E-20
20,18,4d2,3F4,5s 7d,3D2,E2,-1.94730,-0.44555682,-0.43818039,1618.94,6176.88,9.4460E-07
20,18,4d2,3F4,5s 7d,3D2,M3,6.57732,-0.44555682,-0.43818039,1618.94,6176.88,1.0557E-20
20,19,4d2,3F4,5s 7d,3D3,E2,-4.42403,-0.44555682,-0.43812290,1631.56,6129.12,3.6203E-06
20,19,4d2,3F4,5s 7d,3D3,M1,0.00139,-0.44555682,-0.43812290,1631.56,6129.12,3.2266E-08
20,19,4d2,3F4,5s 7d,3D3,M3,-18.84552,-0.44555682,-0.43812290,1631.56,6129.12,6.5365E-20
20,20,4d2,3F4,5s 7d,1D2,E2,0.24242,-0.44555682,-0.43796776,1665.61,6003.82,1.6875E-08
20,20,4d2,3F4,5s 7d,1D2,M3,0.28158,-0.44555682,-0.43796776,1665.61,6003.82,2.3607E-23
20,21,4d2,3F4,5s 9s,3S1,M3,-0.87570,-0.44555682,-0.43330339,2689.32,3718.42,1.0887E-20
20,22,4d2,3F4,4d2,1G4,E2,-1.32945,-0.44555682,-0.43268917,2824.12,3540.92,3.9511E-06
20,22,4d2,3F4,4d2,1G4,M1,0.07944,-0.44555682,-0.43268917,2824.12,3540.92,4.2606E-04
20,22,4d2,3F4,4d2,1G4,M3,-128.72017,-0.44555682,-0.43268917,2824.12,3540.92,1.1042E-16
20,23,4d2,3F4,5s 6g,3G3,E2,0.00063,-0.44555682,-0.42987284,3442.24,2905.09,3.0907E-12
20,23,4d2,3F4,5s 6g,3G3,M1,0.00002,-0.44555682,-0.42987284,3442.24,2905.09,4.6940E-11
20,23,4d2,3F4,5s 6g,3G3,M3,-0.20012,-0.44555682,-0.42987284,3442.24,2905.09,1.3714E-21
20,24,4d2,3F4,5s 6g,1G4,E2,0.01805,-0.44555682,-0.42987187,3442.45,2904.91,1.9600E-09
20,24,4d2,3F4,5s 6g,1G4,M1,0.00072,-0.44555682,-0.42987187,3442.45,2904.91,6.3462E-08
20,24,4d2,3F4,5s 6g,1G4,M3,-1.14253,-0.44555682,-0.42987187,3442.45,2904.91,3.4784E-20
21,1,5s 8s,1S0,5s 4d,3D1,M1,-0.00006,-0.44319951,-0.53770844,-20742.31,482.11,9.7463E-07
21,2,5s 8s,1S0,5s 4d,3D2,E2,0.69624,-0.44319951,-0.53739422,-20673.35,483.71,2.0501E-01
21,3,5s 8s,1S0,5s 4d,3D3,M3,56.25893,-0.44319951,-0.53686660,-20557.55,486.44,2.0559E-10
21,4,5s 8s,1S0,5s 4d,1D2,E2,6.70148,-0.44319951,-0.52758744,-18521.01,539.93,1.0961E+01
21,5,5s 8s,1S0,5s 6s,3S1,M1,-0.00063,-0.44319951,-0.48685600,-9581.49,1043.68,9.5459E-06
21,6,5s 8s,1S0,5s 5d,1D2,E2,-80.93623,-0.44319951,-0.46080387,-3863.71,2588.19,6.3169E-01
21,7,5s 8s,1S0,5s 5d,3D1,M1,-0.00280,-0.44319951,-0.45952260,-3582.50,2791.34,9.7408E-06
21,8,5s 8s,1S0,5s 5d,3D2,E2,3.04530,-0.44319951,-0.45945159,-3566.92,2803.54,5.9969E-04
21,9,5s 8s,1S0,5s 5d,3D3,M3,428.50414,-0.44319951,-0.45934550,-3543.64,2821.96,5.3934E-14
21,10,5s 8s,1S0,5p2,3P1,M1,-0.12774,-0.44319951,-0.45638817,-2894.58,3454.74,1.0675E-02
21,11,5s 8s,1S0,5p2,3P2,E2,-13.42469,-0.44319951,-0.45516606,-2626.35,3807.56,2.5222E-03
21,12,5s 8s,1S0,4d2,1D2,E2,-70.91805,-0.44319951,-0.45022301,-1541.48,6487.27,4.9023E-03
21,13,5s 8s,1S0,5s 7s,3S1,M1,0.00179,-0.44319951,-0.44854123,-1172.37,8529.72,1.3896E-07
21,14,5s 8s,1S0,4d2,3F2,E2,6.86842,-0.44319951,-0.44654280,-733.77,13628.32,1.1238E-06
21,15,5s 8s,1S0,4d2,3F3,M3,-0.51294,-0.44319951,-0.44613337,-643.91,15530.20,5.0548E-25
21,17,5s 8s,1S0,5s 7d,3D1,M1,0.00032,-0.44319951,-0.43820374,1096.45,9120.38,1.2362E-09
21,18,5s 8s,1S0,5s 7d,3D2,E2,90.49032,-0.44319951,-0.43818039,1101.57,9077.95,2.9751E-04
21,19,5s 8s,1S0,5s 7d,3D3,M3,2000.34164,-0.44319951,-0.43812290,1114.19,8975.16,5.1007E-17
21,20,5s 8s,1S0,5s 7d,1D2,E2,422.56753,-0.44319951,-0.43796776,1148.24,8709.01,7.9832E-03
21,21,5s 8s,1S0,5s 9s,3S1,M1,-0.00034,-0.44319951,-0.43330339,2171.95,4604.16,1.0582E-08
21,23,5s 8s,1S0,5s 6g,3G3,M3,-1.01462,-0.44319951,-0.42987284,2924.87,3418.96,1.1273E-20
22,1,5s 7d,3D1,5s 4d,3D1,E2,3.60756,-0.43820374,-0.53770844,-21838.76,457.90,2.4135E+00
22,1,5s 7d,3D1,5s 4d,3D1,M1,0.00001,-0.43820374,-0.53770844,-21838.76,457.90,1.5349E-08
22,2,5s 7d,3D1,5s 4d,3D2,E2,-4.58778,-0.43820374,-0.53739422,-21769.79,459.35,3.8420E+00
22,2,5s 7d,3D1,5s 4d,3D2,M1,0.00198,-0.43820374,-0.53739422,-21769.79,459.35,3.6503E-04
22,2,5s 7d,3D1,5s 4d,3D2,M3,-1.55945,-0.43820374,-0.53739422,-21769.79,459.35,7.8634E-14
22,3,5s 7d,3D1,5s 4d,3D3,E2,1.52295,-0.43820374,-0.53686660,-21653.99,461.81,4.1223E-01
22,3,5s 7d,3D1,5s 4d,3D3,M3,-4.06159,-0.43820374,-0.53686660,-21653.99,461.81,5.1386E-13
22,4,5s 7d,3D1,5s 4d,1D2,E2,-0.26445,-0.43820374,-0.52758744,-19617.46,509.75,7.5853E-03
22,4,5s 7d,3D1,5s 4d,1D2,M1,0.00366,-0.43820374,-0.52758744,-19617.46,509.75,9.0992E-04
22,4,5s 7d,3D1,5s 4d,1D2,M3,5.14247,-0.43820374,-0.52758744,-19617.46,509.75,4.1260E-13
22,5,5s 7d,3D1,5s 6s,3S1,E2,16.76875,-0.43820374,-0.48685600,-10677.94,936.51,1.4572E+00
22,5,5s 7d,3D1,5s 6s,3S1,M1,0.00001,-0.43820374,-0.48685600,-10677.94,936.51,1.8551E-09
22,6,5s 7d,3D1,5s 5d,1D2,E2,2.79382,-0.43820374,-0.46080387,-4960.15,2016.07,8.7488E-04
22,6,5s 7d,3D1,5s 5d,1D2,M1,0.00320,-0.43820374,-0.46080387,-4960.15,2016.07,1.1246E-05
22,6,5s 7d,3D1,5s 5d,1D2,M3,88.75935,-0.43820374,-0.46080387,-4960.15,2016.07,8.1205E-15
22,7,5s 7d,3D1,5s 5d,3D1,E2,65.04149,-0.43820374,-0.45952260,-4678.95,2137.23,3.5416E-01
22,7,5s 7d,3D1,5s 5d,3D1,M1,0.00014,-0.43820374,-0.45952260,-4678.95,2137.23,1.7167E-08
22,8,5s 7d,3D1,5s 5d,3D2,E2,84.55807,-0.43820374,-0.45945159,-4663.36,2144.37,5.8869E-01
22,8,5s 7d,3D1,5s 5d,3D2,M1,-0.00472,-0.43820374,-0.45945159,-4663.36,2144.37,2.0295E-05
22,8,5s 7d,3D1,5s 5d,3D2,M3,41.34711,-0.43820374,-0.45945159,-4663.36,2144.37,1.1441E-15
22,9,5s 7d,3D1,5s 5d,3D3,E2,28.92394,-0.43820374,-0.45934550,-4640.08,2155.13,6.7177E-02
22,9,5s 7d,3D1,5s 5d,3D3,M3,-65.18286,-0.43820374,-0.45934550,-4640.08,2155.13,2.7456E-15
22,10,5s 7d,3D1,5p2,3P1,E2,-6.11334,-0.43820374,-0.45638817,-3991.02,2505.62,1.4127E-03
22,10,5s 7d,3D1,5p2,3P1,M1,0.00639,-0.43820374,-0.45638817,-3991.02,2505.62,2.3306E-05
22,11,5s 7d,3D1,5p2,3P2,E2,-3.86061,-0.43820374,-0.45516606,-3722.80,2686.15,3.9787E-04
22,11,5s 7d,3D1,5p2,3P2,M1,0.00502,-0.43820374,-0.45516606,-3722.80,2686.15,1.1710E-05
22,11,5s 7d,3D1,5p2,3P2,M3,19.47705,-0.43820374,-0.45516606,-3722.80,2686.15,5.2459E-17
22,12,5s 7d,3D1,4d2,1D2,E2,-1.33061,-0.43820374,-0.45022301,-2637.93,3790.86,8.4429E-06
22,12,5s 7d,3D1,4d2,1D2,M1,0.00829,-0.43820374,-0.45022301,-2637.93,3790.86,1.1337E-05
22,12,5s 7d,3D1,4d2,1D2,M3,112.33904,-0.43820374,-0.45022301,-2637.93,3790.86,1.5653E-16
22,13,5s 7d,3D1,5s 7s,3S1,E2,-360.79833,-0.43820374,-0.44854123,-2268.82,4407.58,2.9215E-01
22,13,5s 7d,3D1,5s 7s,3S1,M1,-0.00011,-0.43820374,-0.44854123,-2268.82,4407.58,1.2846E-09
22,14,5s 7d,3D1,4d2,3F2,E2,2.86218,-0.43820374,-0.44654280,-1830.21,5463.85,6.2803E-06
22,14,5s 7d,3D1,4d2,3F2,M1,0.00016,-0.43820374,-0.44654280,-1830.21,5463.85,1.3445E-09
22,14,5s 7d,3D1,4d2,3F2,M3,-14.80334,-0.43820374,-0.44654280,-1830.21,5463.85,2.1034E-19
22,15,5s 7d,3D1,4d2,3F3,E2,-1.90772,-0.43820374,-0.44613337,-1740.35,5745.96,2.1692E-06
22,15,5s 7d,3D1,4d2,3F3,M3,10.96959,-0.43820374,-0.44613337,-1740.35,5745.96,8.1195E-20
22,16,5s 7d,3D1,4d2,3F4,M3,-7.89208,-0.43820374,-0.44555683,-1613.82,6196.49,2.4777E-20
22,17,5s 7d,3D1,5s 7d,3D1,E2,-343.38485,-0.43820374,-0.43820374,-0.00,59816269308.61,5.7483E-37
22,17,5s 7d,3D1,5s 7d,3D1,M1,-1.22487,-0.43820374,-0.43820374,-0.00,59816269308.61,6.3029E-23
22,18,5s 7d,3D1,5s 7d,3D2,E2,-433.75799,-0.43820374,-0.43818039,5.12,1951227.62,1.4900E-14
22,18,5s 7d,3D1,5s 7d,3D2,M1,2.07361,-0.43820374,-0.43818039,5.12,1951227.62,3.1225E-09
22,18,5s 7d,3D1,5s 7d,3D2,M3,-351.82249,-0.43820374,-0.43818039,5.12,1951227.62,9.6235E-35
22,19,5s 7d,3D1,5s 7d,3D3,E2,150.41114,-0.43820374,-0.43812290,17.74,563660.86,6.3617E-13
22,19,5s 7d,3D1,5s 7d,3D3,M3,-335.67511,-0.43820374,-0.43812290,17.74,563660.86,3.7276E-31
22,20,5s 7d,3D1,5s 7d,1D2,E2,94.27469,-0.43820374,-0.43796776,51.79,193083.76,7.4181E-11
22,20,5s 7d,3D1,5s 7d,1D2,M1,-0.44631,-0.43820374,-0.43796776,51.79,193083.76,1.4928E-07
22,20,5s 7d,3D1,5s 7d,1D2,M3,-506.76123,-0.43820374,-0.43796776,51.79,193083.76,2.1489E-27
22,21,5s 7d,3D1,5s 9s,3S1,E2,-448.11692,-0.43820374,-0.43330339,1075.50,9297.98,1.0787E-02
22,21,5s 7d,3D1,5s 9s,3S1,M1,-0.00005,-0.43820374,-0.43330339,1075.50,9297.98,2.3833E-11
22,22,5s 7d,3D1,4d2,1G4,M3,123.41272,-0.43820374,-0.43268917,1210.31,8262.36,2.6950E-19
22,23,5s 7d,3D1,5s 6g,3G3,E2,-838.97504,-0.43820374,-0.42987284,1828.42,5469.20,2.3013E-01
22,23,5s 7d,3D1,5s 6g,3G3,M3,-1406.89200,-0.43820374,-0.42987284,1828.42,5469.20,8.0866E-16
22,24,5s 7d,3D1,5s 6g,1G4,M3,-2486.94539,-0.43820374,-0.42987187,1828.63,5468.56,1.9669E-15
23,1,5s 7d,3D2,5s 4d,3D1,E2,4.49670,-0.43818036,-0.53770844,-21843.89,457.79,2.2525E+00
23,1,5s 7d,3D2,5s 4d,3D1,M1,0.00157,-0.43818036,-0.53770844,-21843.89,457.79,1.3889E-04
23,1,5s 7d,3D2,5s 4d,3D1,M3,3.36852,-0.43818036,-0.53770844,-21843.89,457.79,2.2544E-13
23,2,5s 7d,3D2,5s 4d,3D2,E2,3.95203,-0.43818036,-0.53739422,-21774.92,459.24,1.7126E+00
23,2,5s 7d,3D2,5s 4d,3D2,M1,0.00020,-0.43818036,-0.53739422,-21774.92,459.24,2.3278E-06
23,2,5s 7d,3D2,5s 4d,3D2,M3,16.08610,-0.43818036,-0.53739422,-21774.92,459.24,5.0285E-12
23,3,5s 7d,3D2,5s 4d,3D3,E2,-4.76137,-0.43818036,-0.53686660,-21659.12,461.70,2.4205E+00
23,3,5s 7d,3D2,5s 4d,3D3,M1,0.00377,-0.43818036,-0.53686660,-21659.12,461.70,7.8108E-04
23,3,5s 7d,3D2,5s 4d,3D3,M3,-6.48653,-0.43818036,-0.53686660,-21659.12,461.70,7.8768E-13
23,4,5s 7d,3D2,5s 4d,1D2,E2,-0.06634,-0.43818036,-0.52758744,-19622.59,509.62,2.8680E-04
23,4,5s 7d,3D2,5s 4d,1D2,M1,0.00149,-0.43818036,-0.52758744,-19622.59,509.62,9.1026E-05
23,4,5s 7d,3D2,5s 4d,1D2,M3,13.16518,-0.43818036,-0.52758744,-19622.59,509.62,1.6255E-12
23,5,5s 7d,3D2,5s 6s,3S1,E2,-20.94274,-0.43818036,-0.48685600,-10683.07,936.06,1.3670E+00
23,5,5s 7d,3D2,5s 6s,3S1,M1,-0.00005,-0.43818036,-0.48685600,-10683.07,936.06,1.7129E-08
23,5,5s 7d,3D2,5s 6s,3S1,M3,-59.88872,-0.43818036,-0.48685600,-10683.07,936.06,4.7687E-13
23,6,5s 7d,3D2,5s 5d,1D2,E2,-24.85869,-0.43818036,-0.46080387,-4965.28,2013.98,4.1774E-02
23,6,5s 7d,3D2,5s 5d,1D2,M1,0.00193,-0.43818036,-0.46080387,-4965.28,2013.98,2.4642E-06
23,6,5s 7d,3D2,5s 5d,1D2,M3,192.06834,-0.43818036,-0.46080387,-4965.28,2013.98,2.2981E-14
23,7,5s 7d,3D2,5s 5d,3D1,E2,82.12852,-0.43818036,-0.45952260,-4684.08,2134.89,3.4067E-01
23,7,5s 7d,3D2,5s 5d,3D1,M1,0.00333,-0.43818036,-0.45952260,-4684.08,2134.89,6.1480E-06
23,7,5s 7d,3D2,5s 5d,3D1,M3,64.97081,-0.43818036,-0.45952260,-4684.08,2134.89,1.7484E-15
23,8,5s 7d,3D2,5s 5d,3D2,E2,-68.94554,-0.43818036,-0.45945159,-4668.49,2142.02,2.3612E-01
23,8,5s 7d,3D2,5s 5d,3D2,M1,-0.00083,-0.43818036,-0.45945159,-4668.49,2142.02,3.8131E-07
23,8,5s 7d,3D2,5s 5d,3D2,M3,-357.51063,-0.43818036,-0.45945159,-4668.49,2142.02,5.1720E-14
23,9,5s 7d,3D2,5s 5d,3D3,E2,-89.30745,-0.43818036,-0.45934550,-4645.21,2152.75,3.8639E-01
23,9,5s 7d,3D2,5s 5d,3D3,M1,0.00826,-0.43818036,-0.45934550,-4645.21,2152.75,3.6853E-05
23,9,5s 7d,3D2,5s 5d,3D3,M3,-220.00037,-0.43818036,-0.45934550,-4645.21,2152.75,1.8911E-14
23,10,5s 7d,3D2,5p2,3P1,E2,1.84369,-0.43818036,-0.45638817,-3996.15,2502.41,7.7591E-05
23,10,5s 7d,3D2,5p2,3P1,M1,-0.00266,-0.43818036,-0.45638817,-3996.15,2502.41,2.4376E-06
23,10,5s 7d,3D2,5p2,3P1,M3,19.06071,-0.43818036,-0.45638817,-3996.15,2502.41,4.9501E-17
23,11,5s 7d,3D2,5p2,3P2,E2,-0.48274,-0.43818036,-0.45516606,-3727.93,2682.45,3.7584E-06
23,11,5s 7d,3D2,5p2,3P2,M1,-0.00994,-0.43818036,-0.45516606,-3727.93,2682.45,2.7611E-05
23,11,5s 7d,3D2,5p2,3P2,M3,61.74015,-0.43818036,-0.45516606,-3727.93,2682.45,3.1934E-16
23,12,5s 7d,3D2,4d2,1D2,E2,-26.10750,-0.43818036,-0.45022301,-2643.06,3783.50,1.9692E-03
23,12,5s 7d,3D2,4d2,1D2,M1,0.00572,-0.43818036,-0.45022301,-2643.06,3783.50,3.2562E-06
23,12,5s 7d,3D2,4d2,1D2,M3,269.86832,-0.43818036,-0.45022301,-2643.06,3783.50,5.4940E-16
23,13,5s 7d,3D2,5s 7s,3S1,E2,456.25122,-0.43818036,-0.44854123,-2273.95,4397.64,2.8349E-01
23,13,5s 7d,3D2,5s 7s,3S1,M1,-0.00008,-0.43818036,-0.44854123,-2273.95,4397.64,4.5123E-10
23,13,5s 7d,3D2,5s 7s,3S1,M3,1287.88355,-0.43818036,-0.44854123,-2273.95,4397.64,4.3657E-15
23,14,5s 7d,3D2,4d2,3F2,E2,5.32452,-0.43818036,-0.44654280,-1835.34,5448.58,1.3224E-05
23,14,5s 7d,3D2,4d2,3F2,M1,0.00381,-0.43818036,-0.44654280,-1835.34,5448.58,4.8325E-07
23,14,5s 7d,3D2,4d2,3F2,M3,-34.65645,-0.43818036,-0.44654280,-1835.34,5448.58,7.0539E-19
23,15,5s 7d,3D2,4d2,3F3,E2,2.97611,-0.43818036,-0.44613337,-1745.48,5729.08,3.2144E-06
23,15,5s 7d,3D2,4d2,3F3,M1,-0.00430,-0.43818036,-0.44613337,-1745.48,5729.08,5.3158E-07
23,15,5s 7d,3D2,4d2,3F3,M3,11.78806,-0.43818036,-0.44613337,-1745.48,5729.08,5.7429E-20
23,16,5s 7d,3D2,4d2,3F4,E2,-1.95102,-0.43818036,-0.44555683,-1618.95,6176.86,9.4824E-07
23,16,5s 7d,3D2,4d2,3F4,M3,6.57926,-0.43818036,-0.44555683,-1618.95,6176.86,1.0564E-20
23,17,5s 7d,3D2,5s 7d,3D1,E2,-434.61864,-0.43818036,-0.43820374,-5.13,1949199.45,1.5037E-14
23,17,5s 7d,3D2,5s 7d,3D1,M1,2.07771,-0.43818036,-0.43820374,-5.13,1949199.45,3.1446E-09
23,17,5s 7d,3D2,5s 7d,3D1,M3,-347.02570,-0.43818036,-0.43820374,-5.13,1949199.45,9.4312E-35
23,18,5s 7d,3D2,5s 7d,3D2,E2,389.74841,-0.43818036,-0.43818039,-0.01,1935939259.72,1.2512E-29
23,18,5s 7d,3D2,5s 7d,3D2,M1,6.35108,-0.43818036,-0.43818039,-0.01,1935939259.72,2.9991E-17
23,18,5s 7d,3D2,5s 7d,3D2,M3,1525.12714,-0.43818036,-0.43818039,-0.01,1935939259.72,1.9108E-54
23,19,5s 7d,3D2,5s 7d,3D3,E2,-466.29170,-0.43818036,-0.43812290,12.61,792957.26,1.1096E-12
23,19,5s 7d,3D2,5s 7d,3D3,M1,2.11584,-0.43818036,-0.43812290,12.61,792957.26,3.4598E-08
23,19,5s 7d,3D2,5s 7d,3D3,M3,-1153.94346,-0.43818036,-0.43812290,12.61,792957.26,4.0395E-31
23,20,5s 7d,3D2,5s 7d,1D2,E2,63.50671,-0.43818036,-0.43796776,46.66,214312.42,1.9982E-11
23,20,5s 7d,3D2,5s 7d,1D2,M1,-0.23964,-0.43818036,-0.43796776,46.66,214312.42,3.1472E-08
23,20,5s 7d,3D2,5s 7d,1D2,M3,-1696.63305,-0.43818036,-0.43796776,46.66,214312.42,1.1606E-26
23,21,5s 7d,3D2,5s 9s,3S1,E2,568.45878,-0.43818036,-0.43330339,1070.37,9342.55,1.6949E-02
23,21,5s 7d,3D2,5s 9s,3S1,M1,-0.00007,-0.43818036,-0.43330339,1070.37,9342.55,6.1578E-11
23,21,5s 7d,3D2,5s 9s,3S1,M3,1606.25440,-0.43818036,-0.43330339,1070.37,9342.55,5.7951E-17
23,22,5s 7d,3D2,4d2,1G4,E2,-4.21386,-0.43818036,-0.43268917,1205.18,8297.54,5.6179E-07
23,22,5s 7d,3D2,4d2,1G4,M3,95.81659,-0.43818036,-0.43268917,1205.18,8297.54,1.5769E-19
23,23,5s 7d,3D2,5s 6g,3G3,E2,-433.66281,-0.43818036,-0.42987284,1823.29,5484.59,6.0630E-02
23,23,5s 7d,3D2,5s 6g,3G3,M1,-0.00003,-0.43818036,-0.42987284,1823.29,5484.59,2.3825E-11
23,23,5s 7d,3D2,5s 6g,3G3,M3,-1060.61596,-0.43818036,-0.42987284,1823.29,5484.59,4.5063E-16
23,24,5s 7d,3D2,5s 6g,1G4,E2,-899.02010,-0.43818036,-0.42987187,1823.50,5483.95,2.0278E-01
23,24,5s 7d,3D2,5s 6g,1G4,M3,-4528.67091,-0.43818036,-0.42987187,1823.50,5483.95,6.3952E-15
24,1,5s 7d,3D3,5s 4d,3D1,E2,-1.54294,-0.43812290,-0.53770844,-21856.50,457.53,1.8998E-01
24,1,5s 7d,3D3,5s 4d,3D1,M3,3.96968,-0.43812290,-0.53770844,-21856.50,457.53,2.2454E-13
24,2,5s 7d,3D3,5s 4d,3D2,E2,-4.91121,-0.43812290,-0.53739422,-21787.54,458.98,1.8946E+00
24,2,5s 7d,3D3,5s 4d,3D2,M1,-0.00347,-0.43812290,-0.53739422,-21787.54,458.98,4.7931E-04
24,2,5s 7d,3D3,5s 4d,3D2,M3,-15.81642,-0.43812290,-0.53739422,-21787.54,458.98,3.4865E-12
24,3,5s 7d,3D3,5s 4d,3D3,E2,-7.71019,-0.43812290,-0.53686660,-21671.74,461.43,4.5467E+00
24,3,5s 7d,3D3,5s 4d,3D3,M1,-0.00011,-0.43812290,-0.53686660,-21671.74,461.43,5.1603E-07
24,3,5s 7d,3D3,5s 4d,3D3,M3,-53.21962,-0.43812290,-0.53686660,-21671.74,461.43,3.8029E-11
24,4,5s 7d,3D3,5s 4d,1D2,E2,-0.27332,-0.43812290,-0.52758744,-19635.20,509.29,3.4884E-03
24,4,5s 7d,3D3,5s 4d,1D2,M1,0.00339,-0.43812290,-0.52758744,-19635.20,509.29,3.3476E-04
24,4,5s 7d,3D3,5s 4d,1D2,M3,-27.45867,-0.43812290,-0.52758744,-19635.20,509.29,5.0736E-12
24,5,5s 7d,3D3,5s 6s,3S1,E2,-24.53999,-0.43812290,-0.48685600,-10695.68,934.96,1.3486E+00
24,5,5s 7d,3D3,5s 6s,3S1,M3,-109.39586,-0.43812290,-0.48685600,-10695.68,934.96,1.1460E-12
24,6,5s 7d,3D3,5s 5d,1D2,E2,2.90194,-0.43812290,-0.46080387,-4977.90,2008.88,4.1182E-04
24,6,5s 7d,3D3,5s 5d,1D2,M1,0.00348,-0.43812290,-0.46080387,-4977.90,2008.88,5.7640E-06
24,6,5s 7d,3D3,5s 5d,1D2,M3,-412.96092,-0.43812290,-0.46080387,-4977.90,2008.88,7.7241E-14
24,7,5s 7d,3D3,5s 5d,3D1,E2,-28.05177,-0.43812290,-0.45952260,-4696.69,2129.16,2.8773E-02
24,7,5s 7d,3D3,5s 5d,3D1,M3,63.75574,-0.43812290,-0.45952260,-4696.69,2129.16,1.2254E-15
24,8,5s 7d,3D3,5s 5d,3D2,E2,89.47375,-0.43812290,-0.45945159,-4681.11,2136.25,2.8789E-01
24,8,5s 7d,3D3,5s 5d,3D2,M1,0.00721,-0.43812290,-0.45945159,-4681.11,2136.25,2.0529E-05
24,8,5s 7d,3D3,5s 5d,3D2,M3,343.12856,-0.43812290,-0.45945159,-4681.11,2136.25,3.4679E-14
24,9,5s 7d,3D3,5s 5d,3D3,E2,-140.19338,-0.43812290,-0.45934550,-4657.82,2146.93,6.8940E-01
24,9,5s 7d,3D3,5s 5d,3D3,M1,-0.00007,-0.43812290,-0.45934550,-4657.82,2146.93,1.9571E-09
24,9,5s 7d,3D3,5s 5d,3D3,M3,-996.38148,-0.43812290,-0.45934550,-4657.82,2146.93,2.8239E-13
24,10,5s 7d,3D3,5p2,3P1,E2,5.02236,-0.43812290,-0.45638817,-4008.76,2494.54,4.1780E-04
24,10,5s 7d,3D3,5p2,3P1,M3,21.99126,-0.43812290,-0.45638817,-4008.76,2494.54,4.8115E-17
24,11,5s 7d,3D3,5p2,3P2,E2,-2.31020,-0.43812290,-0.45516606,-3740.54,2673.41,6.2527E-05
24,11,5s 7d,3D3,5p2,3P2,M1,0.00889,-0.43812290,-0.45516606,-3740.54,2673.41,1.5922E-05
24,11,5s 7d,3D3,5p2,3P2,M3,-94.66225,-0.43812290,-0.45516606,-3740.54,2673.41,5.4904E-16
24,12,5s 7d,3D3,4d2,1D2,E2,-1.99528,-0.43812290,-0.45022301,-2655.67,3765.53,8.4135E-06
24,12,5s 7d,3D3,4d2,1D2,M1,0.00748,-0.43812290,-0.45022301,-2655.67,3765.53,4.0345E-06
24,12,5s 7d,3D3,4d2,1D2,M3,-562.70241,-0.43812290,-0.45022301,-2655.67,3765.53,1.7639E-15
24,13,5s 7d,3D3,5s 7s,3S1,E2,550.95708,-0.43812290,-0.44854123,-2286.56,4373.38,3.0356E-01
24,13,5s 7d,3D3,5s 7s,3S1,M3,2464.18215,-0.43812290,-0.44854123,-2286.56,4373.38,1.1867E-14
24,14,5s 7d,3D3,4d2,3F2,E2,-0.70694,-0.43812290,-0.44654280,-1847.95,5411.39,1.7231E-07
24,14,5s 7d,3D3,4d2,3F2,M1,-0.00117,-0.43812290,-0.44654280,-1847.95,5411.39,3.3442E-08
24,14,5s 7d,3D3,4d2,3F2,M3,64.74700,-0.43812290,-0.44654280,-1847.95,5411.39,1.8450E-18
24,15,5s 7d,3D3,4d2,3F3,E2,-2.61957,-0.43812290,-0.44613337,-1758.09,5687.98,1.8440E-06
24,15,5s 7d,3D3,4d2,3F3,M1,-0.00123,-0.43812290,-0.44613337,-1758.09,5687.98,3.1648E-08
24,15,5s 7d,3D3,4d2,3F3,M3,-2.98787,-0.43812290,-0.44613337,-1758.09,5687.98,2.7716E-21
24,16,5s 7d,3D3,4d2,3F4,E2,-4.42364,-0.43812290,-0.44555683,-1631.56,6129.11,3.6197E-06
24,16,5s 7d,3D3,4d2,3F4,M1,0.00139,-0.43812290,-0.44555683,-1631.56,6129.11,3.2231E-08
24,16,5s 7d,3D3,4d2,3F4,M3,-18.89136,-0.43812290,-0.44555683,-1631.56,6129.11,6.5683E-20
24,17,5s 7d,3D3,5s 7d,3D1,E2,150.41078,-0.43812290,-0.43820374,-17.74,563649.37,6.3623E-13
24,17,5s 7d,3D3,5s 7d,3D1,M3,-335.67634,-0.43812290,-0.43820374,-17.74,563649.37,3.7281E-31
24,18,5s 7d,3D3,5s 7d,3D2,E2,-465.36781,-0.43812290,-0.43818039,-12.62,792620.38,1.1076E-12
24,18,5s 7d,3D3,5s 7d,3D2,M1,2.11166,-0.43812290,-0.43818039,-12.62,792620.38,3.4506E-08
24,18,5s 7d,3D3,5s 7d,3D2,M3,-1124.69969,-0.43812290,-0.43818039,-12.62,792620.38,3.8488E-31
24,19,5s 7d,3D3,5s 7d,3D3,E2,-739.33673,-0.43812290,-0.43812290,-0.00,51429663516.17,2.4306E-36
24,19,5s 7d,3D3,5s 7d,3D3,M1,-12.21995,-0.43812290,-0.43812290,-0.00,51429663516.17,4.2300E-21
24,19,5s 7d,3D3,5s 7d,3D3,M3,-5261.53125,-0.43812290,-0.43812290,-0.00,51429663516.17,1.7396E-63
24,20,5s 7d,3D3,5s 7d,1D2,E2,101.18929,-0.43812290,-0.43796776,34.05,293688.89,1.0497E-11
24,20,5s 7d,3D3,5s 7d,1D2,M1,-0.45438,-0.43812290,-0.43796776,34.05,293688.89,4.3969E-08
24,20,5s 7d,3D3,5s 7d,1D2,M3,3111.12005,-0.43812290,-0.43796776,34.05,293688.89,4.2999E-27
24,21,5s 7d,3D3,5s 9s,3S1,E2,692.05537,-0.43812290,-0.43330339,1057.76,9453.93,2.3675E-02
24,21,5s 7d,3D3,5s 9s,3S1,M3,3095.23052,-0.43812290,-0.43330339,1057.76,9453.93,1.9806E-16
24,22,5s 7d,3D3,4d2,1G4,E2,-0.11191,-0.43812290,-0.43268917,1192.57,8385.28,3.7590E-10
24,22,5s 7d,3D3,4d2,1G4,M1,0.00005,-0.43812290,-0.43268917,1192.57,8385.28,1.0716E-11
24,22,5s 7d,3D3,4d2,1G4,M3,-78.37779,-0.43812290,-0.43268917,1192.57,8385.28,9.8023E-20
24,23,5s 7d,3D3,5s 6g,3G3,E2,114.62847,-0.43812290,-0.42987284,1810.68,5522.79,4.0916E-03
24,23,5s 7d,3D3,5s 6g,3G3,M1,0.00002,-0.43812290,-0.42987284,1810.68,5522.79,5.8264E-12
24,23,5s 7d,3D3,5s 6g,3G3,M3,181.21586,-0.43812290,-0.42987284,1810.68,5522.79,1.2531E-17
24,24,5s 7d,3D3,5s 6g,1G4,E2,433.05770,-0.43812290,-0.42987187,1810.89,5522.14,4.5448E-02
24,24,5s 7d,3D3,5s 6g,1G4,M1,0.00005,-0.43812290,-0.42987187,1810.89,5522.14,3.8201E-11
24,24,5s 7d,3D3,5s 6g,1G4,M3,2730.27932,-0.43812290,-0.42987187,1810.89,5522.14,2.2143E-15
